Extract Date,Status,Task Link,Origin URL,Title,Price,Type,Location,ID,Bedroom,Bathroom,Construction Year,Area,Description,Agent,Mobile,Features,Energy Class,Main Image,Image URL 2,Image URL 3,Image URL 4,Image URL 5,Image URL 6,Image URL 7,Image URL 8,Image URL 9,Image URL 10,Image URL 11,Image URL 12,Image URL 13,Image URL 14,Image URL 15,Image URL 16,Image URL 17,Image URL 18,Image 19
2026-01-07 15:25:34,Failed,https://dashboard.browse.ai/workspaces/miguel-pinto/robots/019b98a9-43a6-7b41-a152-754a8ae24957/history/019b990f-da4e-7f03-9b2c-75a3012bb3b1,https://houseteamconsultores.pt/property/waw-villages-cabanas/,WAW Villages Cabanas,A Partir de €1.450.000,Para Venda,"R. Augusto Julio da Costa, 2950-639 Q.ta do Anjo, Portugal",waw-villages-cabanas,3 a 4,3 a 4,1,2025,"MAIS QUE UM CONCEITO, 
UMA NOVA FORMA DE VIVER.

SUSTENTABILIDADE 

A sustentabilidade é o mote de partida para este projeto único. Desde o método construtivo, à autonomia energética, passando pela economia circular e terminando na mobilidade. Nada foi deixado ao acaso. Este é um condomínio onde os seus residentes farão parte da mudança e o seu modo de vida irá contribuir para um planeta mais sustentável.

BEM ESTAR

Um local para viver e socializar. Com um projeto de paisagismo executado ao pormenor. O espaço de lazer com mais de 4000m2 é uma das maiores apostas para uma vida mais saudável ligada à natureza. Espaço para crianças e adultos aproveitarem os melhores momentos da sua vida.

Neste projeto construído com o máximo detalhe, vai encontrar um estilo de vida comunitário totalmente conectado com a natureza, onde as moradias se fundem com os espaços comuns, e onde a horta biológica tem um papel preponderante para uma vida mais saudável.

As brincadeiras até o sol se esconder, e sorrisos até a lua aparecer.

A Horta Biológica, irá permitir autoconsumo de fruta e vegetais todo o ano, garantindo uma alimentação saudável.

O deck de Yoga, convida a períodos de reflexão e exercício físico, com vista para o espelho de água.

A Green House, é o espaço comunitário, onde acontecem os seus eventos familiares.

6 VILLAS  | Horta Biológica| Espaços Verdes comunitários | Deck Yoga | Espelho de Água | Parque crianças | Área Picnic | Green House (Eventos – Coworking -Workshops) | Fogueira | Piscina Aquecida | Casa de Passáros | Hotel Insectos | Parque estacionamento",Consultor Margarida Lopes,"=""+351 967 635 312""","Ar condicionado
Armários embutidos
Arrecadação
Condomínio fechado
Construção Nova
Cozinha equipada
Energias renováveis
Garagem
Infra-Estruturas
Jardim
Lareira
Lugar de garagem
Lugares de estacionamento
Moderna
Perto Aeroporto
Perto de Autoestrada
Perto Hospital
Piscina
Praia
Rés do chão
Vidros Duplos","ENERGY CLASS:
A+",,,,,,,,,,,,,,,,,,,
2026-01-07 15:23:53,Successful,https://dashboard.browse.ai/workspaces/miguel-pinto/robots/019b98a9-43a6-7b41-a152-754a8ae24957/history/019b990d-db9e-7b6b-a2ad-f58dd3391fbb,https://houseteamconsultores.pt/property/120612716-2/,Terreno para construção | Azueira | Mafra,€275.000,Para Venda,"2665-004 Azueira, Portugal",120612716-2,19262,,,,"Terreno para construção soalheiro, desafogado, bons acessos.

O terreno tem a área total de 19262 m2, para o qual existe viabilidade de loteamento (caducada) para 14 lotes com área média de 625 m2, sendo possível em cada um deles a construção habitacional de 300 m2 em dois pisos, mais cave, com uma área total de construção habitacional de 3850 m2 acrescida de 1975 m2 para garagens.

Apenas 21.400, 00 € por cada lote.

A localização deste terreno é óptima: à entrada da Azueira, está a 10 minutos de Mafra, da Malveira e do acesso da auto-estrada, de onde em 20 minutos se chega a Lisboa e ao aeroporto. Igualmente em 20 minutos pode-se fazer o trajecto até à Ericeira e às suas praias, afamada zona balnear e Reserva Mundial de Surf.

Inserido numa zona de agradável ambiente rural, está nomeadamente a escassos minutos de várias quintas de referência na área do eno-turismo, onde se produzem e se degustam excelentes vinhos produzidos numa das melhores regiões vinícolas do país – IGP Lisboa (Indicação Geográfica Protegida de Lisboa).",,,,,https://houseteamconsultores.pt/wp-content/uploads/2024/03/2-4.jpg,https://houseteamconsultores.pt/wp-content/uploads/2024/03/1-5.jpg,https://houseteamconsultores.pt/wp-content/uploads/2024/03/1-5.jpg,https://houseteamconsultores.pt/wp-content/uploads/2024/03/1-5.jpg,https://houseteamconsultores.pt/wp-content/uploads/2024/03/2-4.jpg,https://houseteamconsultores.pt/wp-content/uploads/2024/03/1-5.jpg,https://houseteamconsultores.pt/wp-content/uploads/2024/03/1-5.jpg,https://houseteamconsultores.pt/wp-content/uploads/2024/03/1-5.jpg,https://houseteamconsultores.pt/wp-content/uploads/2024/03/1-5.jpg,https://houseteamconsultores.pt/wp-content/uploads/2024/03/1-5.jpg,https://houseteamconsultores.pt/wp-content/uploads/2024/03/1-5.jpg,https://houseteamconsultores.pt/wp-content/uploads/2024/03/2-4.jpg,https://houseteamconsultores.pt/wp-content/uploads/2024/03/1-5.jpg,https://houseteamconsultores.pt/wp-content/uploads/2024/03/1-5.jpg,https://houseteamconsultores.pt/wp-content/uploads/2024/03/1-5.jpg,https://houseteamconsultores.pt/wp-content/uploads/2024/03/1-5.jpg,https://houseteamconsultores.pt/wp-content/uploads/2024/03/1-5.jpg,https://houseteamconsultores.pt/wp-content/uploads/2024/03/1-5.jpg,https://houseteamconsultores.pt/wp-content/uploads/2024/03/1-5.jpg
2026-01-07 15:23:53,Successful,https://dashboard.browse.ai/workspaces/miguel-pinto/robots/019b98a9-43a6-7b41-a152-754a8ae24957/history/019b990d-db9e-76db-8a1e-623db49e0402,https://houseteamconsultores.pt/property/121021514-8/,Terreno para venda em Alcabideche,€340.000,Para Venda,"Rua de Viseu 2, 2645-180 Alcabideche, Portugal",121021514-8,3,3,1,2025,"Terreno para venda em Alcabideche

Localizado numa zona residencial muito
tranquila, com excelente proximidade aos acessos da A5 e A16, bem como de áreas
comerciais. A apenas 7 minutos do Cascais Shopping.

O terreno conta com projeto aprovado pela Câmara
Municipal de Cascais (dezembro de 2024) para a construção de uma moradia T3.

Características do terreno
Área total : 315m²
Área de implantação do
edifício: 110,25 m²

Características do projeto

Moradia T3 com 359m2 de area de construção

2 pisos + sótão

Garagem/cave em toda a área de
implantação da casa

Jardim e piscina

Orientação solar – Sul

Não perca tempo, esta pode ser a oportunidade que procurava!

A informação disponibilizada não dispensa a sua confirmação e não pode ser considerada vinculativa.",Consultor Sofia Leitão,"=""+351917715544""",,"ENERGY CLASS:
NC",https://houseteamconsultores.pt/wp-content/uploads/2025/04/2-2-1240x720.jpg,https://houseteamconsultores.pt/wp-content/uploads/2025/04/1-3.jpg,https://houseteamconsultores.pt/wp-content/uploads/2025/04/1-3.jpg,https://houseteamconsultores.pt/wp-content/uploads/2025/04/1-3.jpg,https://houseteamconsultores.pt/wp-content/uploads/2025/04/2-2-1240x720.jpg,https://houseteamconsultores.pt/wp-content/uploads/2025/04/1-3.jpg,https://houseteamconsultores.pt/wp-content/uploads/2025/04/1-3.jpg,https://houseteamconsultores.pt/wp-content/uploads/2025/04/1-3.jpg,https://houseteamconsultores.pt/wp-content/uploads/2025/04/1-3.jpg,https://houseteamconsultores.pt/wp-content/uploads/2025/04/1-3.jpg,https://houseteamconsultores.pt/wp-content/uploads/2025/04/1-3.jpg,https://houseteamconsultores.pt/wp-content/uploads/2025/04/2-2-1240x720.jpg,https://houseteamconsultores.pt/wp-content/uploads/2025/04/1-3.jpg,https://houseteamconsultores.pt/wp-content/uploads/2025/04/1-3.jpg,https://houseteamconsultores.pt/wp-content/uploads/2025/04/1-3.jpg,https://houseteamconsultores.pt/wp-content/uploads/2025/04/1-3.jpg,https://houseteamconsultores.pt/wp-content/uploads/2025/04/1-3.jpg,https://houseteamconsultores.pt/wp-content/uploads/2025/04/1-3.jpg,https://houseteamconsultores.pt/wp-content/uploads/2025/04/1-3.jpg
2026-01-07 15:23:51,Successful,https://dashboard.browse.ai/workspaces/miguel-pinto/robots/019b98a9-43a6-7b41-a152-754a8ae24957/history/019b990d-db9e-7abe-935a-d80a8fc31b06,https://houseteamconsultores.pt/property/120612685-9/,Apartamento T2 | Condomínio Amorosa Place | Odivelas,€585.000,Para Venda,"2675-338 Odivelas, Portugal",120612685-9,2,2,1,2006,"A Amorosa Place não é apenas um Condomínio — é um estilo de vida.

Apresentamos-lhe o melhor T2 de todo o condomínio, uma verdadeira joia que combina conforto, elegância e exclusividade. Com 140m² de área, este apartamento destaca-se pelos seus acabamentos de alta qualidade, espaços amplos e funcionalidades pensadas ao detalhe.

A espaçosa sala de 35m² oferece um ambiente acolhedor e versátil, ideal para momentos de convívio e relaxamento. Já a suíte principal impressiona com 22m², complementada por uma elegante casa de banho privada com 7m², proporcionando um verdadeiro refúgio de conforto e privacidade.

A cozinha equipada proporciona uma experiência funcional e moderna, perfeita para quem valoriza qualidade e praticidade no dia a dia. Existe ainda a possibilidade de ficar parte do mobiliário de alta qualidade, cuidadosamente selecionado para complementar o requinte do espaço.

Com garagem para dois carros equipada com carregador elétrico, arrecadação, ar condicionado central e roupeiros embutidos, esta casa oferece um nível de conforto excecional.

Situado no 4.º andar e com varandas voltadas para a zona mais reservada do condomínio, proporciona uma vivência tranquila e luminosa. As varandas estendem-se pelas áreas sociais e também por ambos os quartos, criando uma envolvência única com o exterior e promovendo o bem-estar em todos os espaços.

O condomínio oferece ainda piscina de águas cristalinas, ginásio equipado, parque infantil seguro e vastas zonas verdes — tudo ao seu dispor num ambiente exclusivo e cuidado.

A localização é privilegiada, a menos de 5 minutos a pé do metro e rodeado por uma variada oferta de comércio e serviços, garantindo o equilíbrio perfeito entre conveniência e serenidade.

Esta é a oportunidade perfeita para quem procura espaço, qualidade e um estilo de vida elevado, num dos melhores condomínios da região.

É simplesmente magnífico.

Não perca esta oportunidade única. Agende já a sua visita e deixe-se encantar por tudo o que o melhor T2 do Amorosa Place tem para lhe oferecer!

ABP: 139 m2

ABD: 49 m2",Consultor Matilde Pereira,"=""+351967823022""","Ar condicionado
Armários embutidos
Arrecadação
Bons acessos
Condomínio fechado
Cozinha equipada
Elevador
Garagem
Jardim
Lugares de estacionamento
Moderna
Piscina
Transportes próximos
Varanda
Vidros Duplos","ENERGY CLASS:
B-",https://houseteamconsultores.pt/wp-content/uploads/2025/06/2-1240x720.jpg,https://houseteamconsultores.pt/wp-content/uploads/2025/06/1-Capa-amorosa-place-.png,https://houseteamconsultores.pt/wp-content/uploads/2025/06/1-Capa-amorosa-place-.png,https://houseteamconsultores.pt/wp-content/uploads/2025/06/1-Capa-amorosa-place-.png,https://houseteamconsultores.pt/wp-content/uploads/2025/06/2-1240x720.jpg,https://houseteamconsultores.pt/wp-content/uploads/2025/06/1-Capa-amorosa-place-.png,https://houseteamconsultores.pt/wp-content/uploads/2025/06/1-Capa-amorosa-place-.png,https://houseteamconsultores.pt/wp-content/uploads/2025/06/1-Capa-amorosa-place-.png,https://houseteamconsultores.pt/wp-content/uploads/2025/06/1-Capa-amorosa-place-.png,https://houseteamconsultores.pt/wp-content/uploads/2025/06/1-Capa-amorosa-place-.png,https://houseteamconsultores.pt/wp-content/uploads/2025/06/1-Capa-amorosa-place-.png,https://houseteamconsultores.pt/wp-content/uploads/2025/06/2-1240x720.jpg,https://houseteamconsultores.pt/wp-content/uploads/2025/06/1-Capa-amorosa-place-.png,https://houseteamconsultores.pt/wp-content/uploads/2025/06/1-Capa-amorosa-place-.png,https://houseteamconsultores.pt/wp-content/uploads/2025/06/1-Capa-amorosa-place-.png,https://houseteamconsultores.pt/wp-content/uploads/2025/06/1-Capa-amorosa-place-.png,https://houseteamconsultores.pt/wp-content/uploads/2025/06/1-Capa-amorosa-place-.png,https://houseteamconsultores.pt/wp-content/uploads/2025/06/1-Capa-amorosa-place-.png,https://houseteamconsultores.pt/wp-content/uploads/2025/06/1-Capa-amorosa-place-.png
2026-01-07 15:23:49,Successful,https://dashboard.browse.ai/workspaces/miguel-pinto/robots/019b98a9-43a6-7b41-a152-754a8ae24957/history/019b990d-db9e-7f2e-ba3e-9d7da9c648db,https://houseteamconsultores.pt/property/120612854-3/,Quinta com projecto aprovado | Torralva |Évora,€895.000,Para Venda,"Torralva, Acesso Particular, Évora, Portugal",120612854-3,357,15750,,,"Quinta para venda

Quinta localizada no centro da cidade de Évora, com uma vista soberba sob a cidade de Évora, onde podemos partilhar a magnifica vista sob os monumentos históricos da cidade e campo como por exemplo o famoso Alto de São Bento, Mosteiro da Cartuxa, Aqueduto e muitos outros monumentos emblemáticos da cidade.
Campo na Cidade é a forma como podemos descrever a localização desta quinta, propriedade única, para quem sonha viver no campo, com o conforto que a cidade tem para oferecer.
A propriedade dispõe de um projeto aprovado* para uma moradia na Câmara Municipal de Évora e um projeto pré aprovado* para Turismo com nove unidades de alojamento* transformados em apartamentos T1, também este com a pré aprovação da Câmara Municipal de Évora.
Se este é o seu sonho, então dê o primeiro passo!
Contacte-me para mais informações, tenho toda a disponibilidade para lhe apresentar esta quinta e partilhar consigo os projetos de arquitetura que poderão ser do seu interesse.

*Projetos não averbados na documentação.

ABP: 307 m2

ABD: 50 m2",Consultor Carla Simões,"=""+351964402184""","Centro da cidade
Para Reconstrução","ENERGY CLASS:
NC",https://houseteamconsultores.pt/wp-content/uploads/2025/05/Photo_Drone-2-1-1240x720.jpg,https://houseteamconsultores.pt/wp-content/uploads/2025/05/Photo_Drone-6-1240x720.jpg,https://houseteamconsultores.pt/wp-content/uploads/2025/05/Photo_Drone-6-1240x720.jpg,https://houseteamconsultores.pt/wp-content/uploads/2025/05/Photo_Drone-6-1240x720.jpg,https://houseteamconsultores.pt/wp-content/uploads/2025/05/Photo_Drone-2-1-1240x720.jpg,https://houseteamconsultores.pt/wp-content/uploads/2025/05/Photo_Drone-6-1240x720.jpg,https://houseteamconsultores.pt/wp-content/uploads/2025/05/Photo_Drone-6-1240x720.jpg,https://houseteamconsultores.pt/wp-content/uploads/2025/05/Photo_Drone-6-1240x720.jpg,https://houseteamconsultores.pt/wp-content/uploads/2025/05/Photo_Drone-6-1240x720.jpg,https://houseteamconsultores.pt/wp-content/uploads/2025/05/Photo_Drone-6-1240x720.jpg,https://houseteamconsultores.pt/wp-content/uploads/2025/05/Photo_Drone-6-1240x720.jpg,https://houseteamconsultores.pt/wp-content/uploads/2025/05/Photo_Drone-2-1-1240x720.jpg,https://houseteamconsultores.pt/wp-content/uploads/2025/05/Photo_Drone-6-1240x720.jpg,https://houseteamconsultores.pt/wp-content/uploads/2025/05/Photo_Drone-6-1240x720.jpg,https://houseteamconsultores.pt/wp-content/uploads/2025/05/Photo_Drone-6-1240x720.jpg,https://houseteamconsultores.pt/wp-content/uploads/2025/05/Photo_Drone-6-1240x720.jpg,https://houseteamconsultores.pt/wp-content/uploads/2025/05/Photo_Drone-6-1240x720.jpg,https://houseteamconsultores.pt/wp-content/uploads/2025/05/Photo_Drone-6-1240x720.jpg,https://houseteamconsultores.pt/wp-content/uploads/2025/05/Photo_Drone-6-1240x720.jpg
2026-01-07 15:23:49,Successful,https://dashboard.browse.ai/workspaces/miguel-pinto/robots/019b98a9-43a6-7b41-a152-754a8ae24957/history/019b990d-db9e-72a8-9021-d79536cfa644,https://houseteamconsultores.pt/property/123211538-3/,Terrenos Rústicos à Venda | São Bento do Cortiço | Estremoz,€44.520,Para Venda,"7100-630 Lameirão da Horta, Portugal",123211538-3,30000,,,,"Apresentam-se para venda em conjunto dois magníficos terrenos rústicos situados na freguesia de São Bento do Cortiço, concelho de Estremoz — uma zona de grande tradição agrícola, marcada pela serenidade da paisagem alentejana e pela forte ligação à terra. Trata-se da Courela do Carapeteiro, com uma área total de 1,5750 hectares, e da Courela do Lupe, com 1,4250 hectares, totalizando 3,000 hectares de terreno fértil e de excelente potencial produtivo.

A freguesia de São Bento do Cortiço tem origens antigas e um passado profundamente ligado à agricultura e à vida rural. O seu nome remonta à devoção a São Bento e à presença de antigos cortiços, testemunho da apicultura tradicional que em tempos teve grande importância na economia local. Atualmente, continua a ser uma zona tranquila e autêntica, onde predominam pequenas explorações agrícolas, olivais e vinhas, num cenário de planícies douradas e luminosas.

A Courela do Carapeteiro deve o seu nome, muito provavelmente, à presença ou propriedade de uma antiga família local apelidada de Carapeteiro, nome tradicional da região de Estremoz, associado a trabalhadores do campo e pequenos proprietários rurais.

Já a Courela do Lupe remonta a designações toponímicas antigas, sendo “Lupe” possivelmente uma forma derivada de “Lopo” ou “Lupes”, nomes próprios medievais muito usados no Alentejo, o que sugere que a parcela terá pertencido, em tempos, a alguém com essa designação. Estes nomes preservam a memória da ocupação histórica das terras e reforçam o caráter autêntico das propriedades.

As duas courelas destacam-se pela qualidade do solo, de textura argilo-calcária e elevada fertilidade, ideal para culturas de sequeiro, como oliveiras, amendoeiras, vinha e cereais. O relevo plano e a exposição solar plena conferem excelentes condições para produção agrícola sustentável e mecanização, permitindo uma exploração prática e eficiente.

Para além do seu valor produtivo, estas propriedades oferecem um forte potencial para investimento em projetos de turismo rural, produção biológica ou reflorestação, beneficiando de um enquadramento paisagístico único e de uma localização próxima da cidade de Estremoz, o que garante bons acessos e conveniência.

Com uma área conjunta de 3 hectares, a Courela do Carapeteiro e a Courela do Lupe representam uma oportunidade rara no coração do Alentejo, combinando história, autenticidade e potencial agrícola num só investimento.",Consultor Viozindo Varela,"=""+351961047201""",,,https://houseteamconsultores.pt/wp-content/uploads/2025/10/Lupe-2-959x720.jpg,https://houseteamconsultores.pt/wp-content/uploads/2025/10/Lupe-959x720.jpg,https://houseteamconsultores.pt/wp-content/uploads/2025/10/Lupe-959x720.jpg,https://houseteamconsultores.pt/wp-content/uploads/2025/10/Lupe-959x720.jpg,https://houseteamconsultores.pt/wp-content/uploads/2025/10/Lupe-2-959x720.jpg,https://houseteamconsultores.pt/wp-content/uploads/2025/10/Lupe-959x720.jpg,https://houseteamconsultores.pt/wp-content/uploads/2025/10/Lupe-959x720.jpg,https://houseteamconsultores.pt/wp-content/uploads/2025/10/Lupe-959x720.jpg,https://houseteamconsultores.pt/wp-content/uploads/2025/10/Lupe-959x720.jpg,https://houseteamconsultores.pt/wp-content/uploads/2025/10/Lupe-959x720.jpg,https://houseteamconsultores.pt/wp-content/uploads/2025/10/Lupe-959x720.jpg,https://houseteamconsultores.pt/wp-content/uploads/2025/10/Lupe-2-959x720.jpg,https://houseteamconsultores.pt/wp-content/uploads/2025/10/Lupe-959x720.jpg,https://houseteamconsultores.pt/wp-content/uploads/2025/10/Lupe-959x720.jpg,https://houseteamconsultores.pt/wp-content/uploads/2025/10/Lupe-959x720.jpg,https://houseteamconsultores.pt/wp-content/uploads/2025/10/Lupe-959x720.jpg,https://houseteamconsultores.pt/wp-content/uploads/2025/10/Lupe-959x720.jpg,https://houseteamconsultores.pt/wp-content/uploads/2025/10/Lupe-959x720.jpg,https://houseteamconsultores.pt/wp-content/uploads/2025/10/Lupe-959x720.jpg
2026-01-07 15:23:49,Successful,https://dashboard.browse.ai/workspaces/miguel-pinto/robots/019b98a9-43a6-7b41-a152-754a8ae24957/history/019b990d-db9e-77c9-b815-657c241f2ca6,https://houseteamconsultores.pt/property/120612716-4/,Terreno para construção | Picanceira | Mafra,€240.000,Para Venda,"2640-071, Portugal",120612716-4,6781,,,,"FANTÁSTICO TERRENO PARA CONSTRUÇÃO CENTRO PICANCEIRA

Terreno com 6.781 m2 inserido em Solo Urbano – Espaços Residenciais – Áreas a Estruturar.

Permite construir até 2.034 m2

Terreno tem imenso potencial para investidor, um condomíno familiar ou para construir a sua quinta de sonho.

Soalheiro, confronta com a centenária “Quinta da Picanceira” a Sul e Poente, beneficiando do esplendor do arvoredo da quinta.

Possibilidade de divisão em duas parcelas.

A apenas 10 minutos de Mafra e do acesso à AE, e a 15 minutos da praia de ribeira D’Ilhas.",Consultor Marília Miranda,"=""+351910970808""",,,https://houseteamconsultores.pt/wp-content/uploads/2024/03/2-1240x720.png,https://houseteamconsultores.pt/wp-content/uploads/2024/03/1-1240x720.png,https://houseteamconsultores.pt/wp-content/uploads/2024/03/1-1240x720.png,https://houseteamconsultores.pt/wp-content/uploads/2024/03/1-1240x720.png,https://houseteamconsultores.pt/wp-content/uploads/2024/03/2-1240x720.png,https://houseteamconsultores.pt/wp-content/uploads/2024/03/1-1240x720.png,https://houseteamconsultores.pt/wp-content/uploads/2024/03/1-1240x720.png,https://houseteamconsultores.pt/wp-content/uploads/2024/03/1-1240x720.png,https://houseteamconsultores.pt/wp-content/uploads/2024/03/1-1240x720.png,https://houseteamconsultores.pt/wp-content/uploads/2024/03/1-1240x720.png,https://houseteamconsultores.pt/wp-content/uploads/2024/03/1-1240x720.png,https://houseteamconsultores.pt/wp-content/uploads/2024/03/2-1240x720.png,https://houseteamconsultores.pt/wp-content/uploads/2024/03/1-1240x720.png,https://houseteamconsultores.pt/wp-content/uploads/2024/03/1-1240x720.png,https://houseteamconsultores.pt/wp-content/uploads/2024/03/1-1240x720.png,https://houseteamconsultores.pt/wp-content/uploads/2024/03/1-1240x720.png,https://houseteamconsultores.pt/wp-content/uploads/2024/03/1-1240x720.png,https://houseteamconsultores.pt/wp-content/uploads/2024/03/1-1240x720.png,https://houseteamconsultores.pt/wp-content/uploads/2024/03/1-1240x720.png
2026-01-07 15:23:49,Successful,https://dashboard.browse.ai/workspaces/miguel-pinto/robots/019b98a9-43a6-7b41-a152-754a8ae24957/history/019b990d-db9e-7549-bae3-16d642ddf43d,https://houseteamconsultores.pt/property/123211538-2/,Terreno Rústico para Venda | São Bento do Cortiço | Estremoz,€22.150,Para Venda,"7100-630 Lameirão da Horta, Portugal",123211538-2,11000,,,,"Terreno Rústico – São Bento do Cortiço, Estremoz

Terreno rústico com 11.000 m² (1,1 hectares), situado em São Bento do Cortiço e Santo Estêvão, concelho de Estremoz, no coração do Alentejo.

Com uma área ampla, plana e de grande potencial, este terreno é ideal para projetos agrícolas, de lazer ou investimento rural. A propriedade dispõe de poço tradicional com água, algumas árvores de fruto e vestígios de uma antiga eira, espaço onde antigamente se procedia à malha dos cereais — momento essencial do ciclo agrícola e símbolo do espírito comunitário das aldeias alentejanas.

A sua localização, em zona calma e de fácil acesso, oferece tranquilidade, privacidade e uma vista desafogada sobre a planície, mantendo-se a apenas poucos minutos da cidade de Estremoz, o que permite conciliar o sossego do campo com a proximidade de todos os serviços.

São Bento do Cortiço é uma localidade de raízes antigas, marcada pela tradição agrícola, pela simplicidade das gentes e pelo seu típico casario alentejano. O nome da aldeia remonta à presença de uma antiga ermida dedicada a São Bento, sendo o termo “Cortiço” uma referência à abundância de cortiça e colmeias outrora existentes na região.

Com o seu carácter autêntico e paisagem intocada, este terreno é uma excelente oportunidade para quem procura viver ou investir no verdadeiro Alentejo, seja para uso agrícola, criação de animais, instalação de pomar, horta biológica ou refúgio de descanso.",Consultor Viozindo Varela,"=""+351961047201""",,,https://houseteamconsultores.pt/wp-content/uploads/2025/10/campo-PB-1091x720.jpg,https://houseteamconsultores.pt/wp-content/uploads/2025/10/campo3c1-1240x653.jpg,https://houseteamconsultores.pt/wp-content/uploads/2025/10/campo3c1-1240x653.jpg,https://houseteamconsultores.pt/wp-content/uploads/2025/10/campo3c1-1240x653.jpg,https://houseteamconsultores.pt/wp-content/uploads/2025/10/campo-PB-1091x720.jpg,https://houseteamconsultores.pt/wp-content/uploads/2025/10/campo3c1-1240x653.jpg,https://houseteamconsultores.pt/wp-content/uploads/2025/10/campo3c1-1240x653.jpg,https://houseteamconsultores.pt/wp-content/uploads/2025/10/campo3c1-1240x653.jpg,https://houseteamconsultores.pt/wp-content/uploads/2025/10/campo3c1-1240x653.jpg,https://houseteamconsultores.pt/wp-content/uploads/2025/10/campo3c1-1240x653.jpg,https://houseteamconsultores.pt/wp-content/uploads/2025/10/campo3c1-1240x653.jpg,https://houseteamconsultores.pt/wp-content/uploads/2025/10/campo-PB-1091x720.jpg,https://houseteamconsultores.pt/wp-content/uploads/2025/10/campo3c1-1240x653.jpg,https://houseteamconsultores.pt/wp-content/uploads/2025/10/campo3c1-1240x653.jpg,https://houseteamconsultores.pt/wp-content/uploads/2025/10/campo3c1-1240x653.jpg,https://houseteamconsultores.pt/wp-content/uploads/2025/10/campo3c1-1240x653.jpg,https://houseteamconsultores.pt/wp-content/uploads/2025/10/campo3c1-1240x653.jpg,https://houseteamconsultores.pt/wp-content/uploads/2025/10/campo3c1-1240x653.jpg,https://houseteamconsultores.pt/wp-content/uploads/2025/10/campo3c1-1240x653.jpg
2026-01-07 15:23:48,Successful,https://dashboard.browse.ai/workspaces/miguel-pinto/robots/019b98a9-43a6-7b41-a152-754a8ae24957/history/019b990d-db9e-7ca8-bebf-97beb790813f,https://houseteamconsultores.pt/property/120612652-17/,Loja para Venda | Estrela | Lisboa,€250.000,Para Venda,"1200-604 Lisboa, Portugal",120612652-17,2,1968,184,,"Apresento esta loja, situada na Rua do Olival, uma rua paralela à Rua das Janelas Verdes, a poucos metros da Av. Infante Santo.

Situada numa das freguesias mais emblemáticas da cidade de Lisboa, a Estrela.

Esta loja com cerca de 185 m2, com uma extraordinária luz natural, munida de grandes janelas e duas casas de banho.

Ao ser necessário uma remodelação total, a loja é perfeita para quem deseja criar um espaço novo, moderno e personalizado!

Localizada numa zona estratégica, esta loja oferece uma excelente oportunidade de transformar o espaço de acordo com suas ideias e necessidades.

Agende a sua visita e venha conhecer, com os seus próprios olhos, o potencial desta loja.",Consultor Sandra Guedes,"=""+351934188303""",Centro da cidade,"ENERGY CLASS:
C",https://houseteamconsultores.pt/wp-content/uploads/2025/05/2-WEBSITE_LISBOA_Rua-do-Olival105-1-1240x720.jpg,https://houseteamconsultores.pt/wp-content/uploads/2025/05/1-WEBSITE_LISBOA_Rua-do-Olival105-23-1240x720.jpg,https://houseteamconsultores.pt/wp-content/uploads/2025/05/1-WEBSITE_LISBOA_Rua-do-Olival105-23-1240x720.jpg,https://houseteamconsultores.pt/wp-content/uploads/2025/05/1-WEBSITE_LISBOA_Rua-do-Olival105-23-1240x720.jpg,https://houseteamconsultores.pt/wp-content/uploads/2025/05/2-WEBSITE_LISBOA_Rua-do-Olival105-1-1240x720.jpg,https://houseteamconsultores.pt/wp-content/uploads/2025/05/1-WEBSITE_LISBOA_Rua-do-Olival105-23-1240x720.jpg,https://houseteamconsultores.pt/wp-content/uploads/2025/05/1-WEBSITE_LISBOA_Rua-do-Olival105-23-1240x720.jpg,https://houseteamconsultores.pt/wp-content/uploads/2025/05/1-WEBSITE_LISBOA_Rua-do-Olival105-23-1240x720.jpg,https://houseteamconsultores.pt/wp-content/uploads/2025/05/1-WEBSITE_LISBOA_Rua-do-Olival105-23-1240x720.jpg,https://houseteamconsultores.pt/wp-content/uploads/2025/05/1-WEBSITE_LISBOA_Rua-do-Olival105-23-1240x720.jpg,https://houseteamconsultores.pt/wp-content/uploads/2025/05/1-WEBSITE_LISBOA_Rua-do-Olival105-23-1240x720.jpg,https://houseteamconsultores.pt/wp-content/uploads/2025/05/2-WEBSITE_LISBOA_Rua-do-Olival105-1-1240x720.jpg,https://houseteamconsultores.pt/wp-content/uploads/2025/05/1-WEBSITE_LISBOA_Rua-do-Olival105-23-1240x720.jpg,https://houseteamconsultores.pt/wp-content/uploads/2025/05/1-WEBSITE_LISBOA_Rua-do-Olival105-23-1240x720.jpg,https://houseteamconsultores.pt/wp-content/uploads/2025/05/1-WEBSITE_LISBOA_Rua-do-Olival105-23-1240x720.jpg,https://houseteamconsultores.pt/wp-content/uploads/2025/05/1-WEBSITE_LISBOA_Rua-do-Olival105-23-1240x720.jpg,https://houseteamconsultores.pt/wp-content/uploads/2025/05/1-WEBSITE_LISBOA_Rua-do-Olival105-23-1240x720.jpg,https://houseteamconsultores.pt/wp-content/uploads/2025/05/1-WEBSITE_LISBOA_Rua-do-Olival105-23-1240x720.jpg,https://houseteamconsultores.pt/wp-content/uploads/2025/05/1-WEBSITE_LISBOA_Rua-do-Olival105-23-1240x720.jpg
2026-01-07 15:23:46,Successful,https://dashboard.browse.ai/workspaces/miguel-pinto/robots/019b98a9-43a6-7b41-a152-754a8ae24957/history/019b990d-db9e-7d13-92d7-6952583f92cf,https://houseteamconsultores.pt/property/120612652-2/,Prédio à venda | Vista para o rio Douro | Bonfim | Porto,€565.000,Para Venda,"4000-257 Porto, Portugal",120612652-2,1937,432,,,"Viver no Douro: O Charme do seu Novo Lar

Descubra a experiência única de viver no coração do Douro, numa região reconhecida mundialmente pela sua beleza natural e património vinícola. Apresentamos-lhe um magnífico prédio residencial, para total remodelação, onde poderá combinar o conforto moderno com a tradição histórica da região.

Localização Privilegiada

Situado numa das áreas mais pitorescas do Douro, este prédio oferece vistas deslumbrantes sobre o rio Douro. A localização permite-lhe desfrutar de uma tranquilidade ímpar, estando simultaneamente a uma curta distância de todas as comodidades essenciais, incluindo restaurantes, lojas e centros culturais.

Características do Prédio

Edifício com uma área bruta privativa de 423,6 m² + 8,4 m² de área bruta dependente e 4 pisos.

Investimento Seguro

Este prédio no Douro representa uma oportunidade de investimento segura, numa região que tem visto um crescente interesse e valorização. Ideal para quem procura um refúgio tranquilo, uma casa de férias ou um investimento lucrativo no setor imobiliário.

Venha Conhecer

Não perca a oportunidade de visitar este empreendimento único. Marque já a sua visita e deixe-se encantar pela beleza e sofisticação do seu empreendimento no Douro.

Nota: 2 apartamentos estão arrendados.",Consultor Sandra Guedes,"=""+351934188303""","Para Reconstrução
Vista Rio","ENERGY CLASS:
F",https://houseteamconsultores.pt/wp-content/uploads/2024/06/P2-1240x720.jpg,https://houseteamconsultores.pt/wp-content/uploads/2024/06/P1-1240x720.jpg,https://houseteamconsultores.pt/wp-content/uploads/2024/06/P1-1240x720.jpg,https://houseteamconsultores.pt/wp-content/uploads/2024/06/P1-1240x720.jpg,https://houseteamconsultores.pt/wp-content/uploads/2024/06/P2-1240x720.jpg,https://houseteamconsultores.pt/wp-content/uploads/2024/06/P1-1240x720.jpg,https://houseteamconsultores.pt/wp-content/uploads/2024/06/P1-1240x720.jpg,https://houseteamconsultores.pt/wp-content/uploads/2024/06/P1-1240x720.jpg,https://houseteamconsultores.pt/wp-content/uploads/2024/06/P1-1240x720.jpg,https://houseteamconsultores.pt/wp-content/uploads/2024/06/P1-1240x720.jpg,https://houseteamconsultores.pt/wp-content/uploads/2024/06/P1-1240x720.jpg,https://houseteamconsultores.pt/wp-content/uploads/2024/06/P2-1240x720.jpg,https://houseteamconsultores.pt/wp-content/uploads/2024/06/P1-1240x720.jpg,https://houseteamconsultores.pt/wp-content/uploads/2024/06/P1-1240x720.jpg,https://houseteamconsultores.pt/wp-content/uploads/2024/06/P1-1240x720.jpg,https://houseteamconsultores.pt/wp-content/uploads/2024/06/P1-1240x720.jpg,https://houseteamconsultores.pt/wp-content/uploads/2024/06/P1-1240x720.jpg,https://houseteamconsultores.pt/wp-content/uploads/2024/06/P1-1240x720.jpg,https://houseteamconsultores.pt/wp-content/uploads/2024/06/P1-1240x720.jpg
2026-01-07 15:23:45,Successful,https://dashboard.browse.ai/workspaces/miguel-pinto/robots/019b98a9-43a6-7b41-a152-754a8ae24957/history/019b990d-db9d-7b14-9268-070cc1363ff2,https://houseteamconsultores.pt/property/123211536-10/,Terreno para Venda | Vimieiro – Arraiolos | Évora,€32.500,Para Venda,"7040-640 Vimieiro, Portugal",123211536-10,18500,,,,"Terreno rústico com viabilidade para empreendimento turístico – Vimieiro, Arraiolos

A Courela da Cabeça em Vimieiro, Arraiolos é o local ideal para a construção duma Casa de Campo vocacionada para o Turismo de Habitação.

Com 1,85 hectares esta propriedade tem sobreiros, acesso a escassos metros a estrada de terra batida e daí ligação à estrada N251 no sentido de Pavia.

A capacidade construtiva prevista em PDM ( artº 19ª n.4) para Empreendimentos de turismo em espaço rural ou Empreendimentos de turismo de habitação permite a construção máxima de cerca de 1500 m2 nas seguintes condições:

Coeficiente bruto de ocupação do solo – 0,08;
Número máximo de pisos acima da cota de soleira – 2;e
Altura máxima dos edifícios – 6,5 m;

De salientar que o abastecimento de água e drenagem de esgotos tem que ser por sistema autónomo.

O terreno em causa está atualmente ainda em espaço REN – Reserva Ecológica Nacional e como tal o projeto de empreendimento turístico carece de parecer favorável da respetiva entidade competente.

Uma oportunidade a não perder!",Consultor Sara Martins,"=""+351969007456""",,"ENERGY CLASS:
NC",https://houseteamconsultores.pt/wp-content/uploads/2026/01/Photo-10-1240x720.jpg,https://houseteamconsultores.pt/wp-content/uploads/2026/01/Photo-6-1240x720.jpg,https://houseteamconsultores.pt/wp-content/uploads/2026/01/Photo-6-1240x720.jpg,https://houseteamconsultores.pt/wp-content/uploads/2026/01/Photo-6-1240x720.jpg,https://houseteamconsultores.pt/wp-content/uploads/2026/01/Photo-10-1240x720.jpg,https://houseteamconsultores.pt/wp-content/uploads/2026/01/Photo-6-1240x720.jpg,https://houseteamconsultores.pt/wp-content/uploads/2026/01/Photo-6-1240x720.jpg,https://houseteamconsultores.pt/wp-content/uploads/2026/01/Photo-6-1240x720.jpg,https://houseteamconsultores.pt/wp-content/uploads/2026/01/Photo-6-1240x720.jpg,https://houseteamconsultores.pt/wp-content/uploads/2026/01/Photo-6-1240x720.jpg,https://houseteamconsultores.pt/wp-content/uploads/2026/01/Photo-6-1240x720.jpg,https://houseteamconsultores.pt/wp-content/uploads/2026/01/Photo-10-1240x720.jpg,https://houseteamconsultores.pt/wp-content/uploads/2026/01/Photo-6-1240x720.jpg,https://houseteamconsultores.pt/wp-content/uploads/2026/01/Photo-6-1240x720.jpg,https://houseteamconsultores.pt/wp-content/uploads/2026/01/Photo-6-1240x720.jpg,https://houseteamconsultores.pt/wp-content/uploads/2026/01/Photo-6-1240x720.jpg,https://houseteamconsultores.pt/wp-content/uploads/2026/01/Photo-6-1240x720.jpg,https://houseteamconsultores.pt/wp-content/uploads/2026/01/Photo-6-1240x720.jpg,https://houseteamconsultores.pt/wp-content/uploads/2026/01/Photo-6-1240x720.jpg
2026-01-07 15:23:44,Successful,https://dashboard.browse.ai/workspaces/miguel-pinto/robots/019b98a9-43a6-7b41-a152-754a8ae24957/history/019b990d-db9d-7c67-a030-9c7860a7ef81,https://houseteamconsultores.pt/property/120612652-20/,Apartamento T2 para venda | Elvas | Portalegre,€110.000,Para Venda,"7350-203 Elvas, Portugal",120612652-20,2,1,1975,69,"Apartamento *T3 convertido em T2, com Localização Privilegiada na Cidade de Elvas

Apresentamos este excelente apartamento *T3, convertido em T2, localizado na cidade de Elvas, ideal para quem valoriza comodidade, funcionalidade e uma localização estratégica, a cerca de 200m da Escola Secundária D. Sancho II, tendo o Jardim Municipal como vizinho.

Inserido numa zona com todo o tipo de comércio e serviços, tais como tribunal, farmácia, supermercados, mercearias, etc..

Situado no 2º andar de um edifício tranquilo (sem elevador) e muito bem conservado, este imóvel dispõe de duas frentes, garantindo uma ótima exposição solar e uma vista desafogada, perfeita para quem aprecia ambientes luminosos e arejados.

A cozinha em open space, com design moderno e funcional, integra-se harmoniosamente com a sala, proporcionando um ambiente acolhedor e ideal para momentos de convívio.

O imóvel conta ainda com uma casa de banho completa e uma arrecadação no sótão, oferecendo espaço adicional para arrumação.

Aguardamos a sua visita!

*Apartamento como T3 na documentação",Consultor Sandra Guedes,"=""+351934188303""","Arrecadação
Bons acessos
Centro da cidade","ENERGY CLASS:
C",https://houseteamconsultores.pt/wp-content/uploads/2025/08/2-1-1240x720.jpg,https://houseteamconsultores.pt/wp-content/uploads/2025/08/1-1240x720.jpg,https://houseteamconsultores.pt/wp-content/uploads/2025/08/1-1240x720.jpg,https://houseteamconsultores.pt/wp-content/uploads/2025/08/1-1240x720.jpg,https://houseteamconsultores.pt/wp-content/uploads/2025/08/2-1-1240x720.jpg,https://houseteamconsultores.pt/wp-content/uploads/2025/08/1-1240x720.jpg,https://houseteamconsultores.pt/wp-content/uploads/2025/08/1-1240x720.jpg,https://houseteamconsultores.pt/wp-content/uploads/2025/08/1-1240x720.jpg,https://houseteamconsultores.pt/wp-content/uploads/2025/08/1-1240x720.jpg,https://houseteamconsultores.pt/wp-content/uploads/2025/08/1-1240x720.jpg,https://houseteamconsultores.pt/wp-content/uploads/2025/08/1-1240x720.jpg,https://houseteamconsultores.pt/wp-content/uploads/2025/08/2-1-1240x720.jpg,https://houseteamconsultores.pt/wp-content/uploads/2025/08/1-1240x720.jpg,https://houseteamconsultores.pt/wp-content/uploads/2025/08/1-1240x720.jpg,https://houseteamconsultores.pt/wp-content/uploads/2025/08/1-1240x720.jpg,https://houseteamconsultores.pt/wp-content/uploads/2025/08/1-1240x720.jpg,https://houseteamconsultores.pt/wp-content/uploads/2025/08/1-1240x720.jpg,https://houseteamconsultores.pt/wp-content/uploads/2025/08/1-1240x720.jpg,https://houseteamconsultores.pt/wp-content/uploads/2025/08/1-1240x720.jpg
2026-01-07 15:23:44,Successful,https://dashboard.browse.ai/workspaces/miguel-pinto/robots/019b98a9-43a6-7b41-a152-754a8ae24957/history/019b990d-db9d-7d86-b261-121361961b1a,https://houseteamconsultores.pt/property/123211536-6/,Terreno Urbano para Venda | Évora,€155.000,Para Venda,"7000-708 Évora, Portugal",123211536-6,"508,13",,,,"Terreno urbano para construção – Évora

Este lote de terreno para construção com a área total de 508 m2 situa-se bem perto do Aqueduto da Água da Prata o que o torna um lugar de especial encanto histórico e com uma vista privilegiada.

Deu-se início à construção duma moradia T2 + mezaninne com uma área bruta de construção prevista de cerca de 340 m2, que entretanto foi interrompida antes da colocação da lage.

O lote é vendido com essa construção inacabada de moradia unifamiliar T2, um projeto arrojado e com detalhes marca inequívoca do Arq. Nelson Rosmaninho e que seria distribuída da seguinte forma:

Rés do chão

Hall de entrada – 4,27 m2
Quarto 1- 13,87 m2
Quarto 2 – 13,87 m2
Sala – 34,53 m2
Cozinha – 10,76 m2
Casa de banho – 5,39 m2
Arrumos – 6,49 m2

 1º piso

Open space – 36,52 m2

As fotos que apresentamos são imagens 3D meramente ilustrativas e feitas com base no projeto licenciado e que permitem perceber a volumetria.

O projeto está aprovado mas há possibilidade de sofrer alterações.

Para mais informações e disponibilização do referido projeto não hesite em contactar-me.",Consultor Sara Martins,"=""+351969007456""",,"ENERGY CLASS:
NC",https://houseteamconsultores.pt/wp-content/uploads/2026/01/WhatsApp-Image-2024-03-22-at-16.35.23-6-1240x720.jpeg,https://houseteamconsultores.pt/wp-content/uploads/2026/01/WhatsApp-Image-2024-03-22-at-16.35.23-5-1240x720.jpeg,https://houseteamconsultores.pt/wp-content/uploads/2026/01/WhatsApp-Image-2024-03-22-at-16.35.23-5-1240x720.jpeg,https://houseteamconsultores.pt/wp-content/uploads/2026/01/WhatsApp-Image-2024-03-22-at-16.35.23-5-1240x720.jpeg,https://houseteamconsultores.pt/wp-content/uploads/2026/01/WhatsApp-Image-2024-03-22-at-16.35.23-6-1240x720.jpeg,https://houseteamconsultores.pt/wp-content/uploads/2026/01/WhatsApp-Image-2024-03-22-at-16.35.23-5-1240x720.jpeg,https://houseteamconsultores.pt/wp-content/uploads/2026/01/WhatsApp-Image-2024-03-22-at-16.35.23-5-1240x720.jpeg,https://houseteamconsultores.pt/wp-content/uploads/2026/01/WhatsApp-Image-2024-03-22-at-16.35.23-5-1240x720.jpeg,https://houseteamconsultores.pt/wp-content/uploads/2026/01/WhatsApp-Image-2024-03-22-at-16.35.23-5-1240x720.jpeg,https://houseteamconsultores.pt/wp-content/uploads/2026/01/WhatsApp-Image-2024-03-22-at-16.35.23-5-1240x720.jpeg,https://houseteamconsultores.pt/wp-content/uploads/2026/01/WhatsApp-Image-2024-03-22-at-16.35.23-5-1240x720.jpeg,https://houseteamconsultores.pt/wp-content/uploads/2026/01/WhatsApp-Image-2024-03-22-at-16.35.23-6-1240x720.jpeg,https://houseteamconsultores.pt/wp-content/uploads/2026/01/WhatsApp-Image-2024-03-22-at-16.35.23-5-1240x720.jpeg,https://houseteamconsultores.pt/wp-content/uploads/2026/01/WhatsApp-Image-2024-03-22-at-16.35.23-5-1240x720.jpeg,https://houseteamconsultores.pt/wp-content/uploads/2026/01/WhatsApp-Image-2024-03-22-at-16.35.23-5-1240x720.jpeg,https://houseteamconsultores.pt/wp-content/uploads/2026/01/WhatsApp-Image-2024-03-22-at-16.35.23-5-1240x720.jpeg,https://houseteamconsultores.pt/wp-content/uploads/2026/01/WhatsApp-Image-2024-03-22-at-16.35.23-5-1240x720.jpeg,https://houseteamconsultores.pt/wp-content/uploads/2026/01/WhatsApp-Image-2024-03-22-at-16.35.23-5-1240x720.jpeg,https://houseteamconsultores.pt/wp-content/uploads/2026/01/WhatsApp-Image-2024-03-22-at-16.35.23-5-1240x720.jpeg
2026-01-07 15:23:43,Successful,https://dashboard.browse.ai/workspaces/miguel-pinto/robots/019b98a9-43a6-7b41-a152-754a8ae24957/history/019b990d-db9d-7c88-83f2-3e9e9559eed0,https://houseteamconsultores.pt/property/123211536-1/,Terreno para venda | Bacelo e Senhora da Saúde | Évora,€3.900.000,Para Venda,"7005-152 Évora, Portugal",123211536-1,27500,,,,"Numas das zonas residenciais de eleição de Évora apresentamos-lhe este produto único.

Numa área total de 2,7 hectares com loteamento e projeto de arquitetura aprovados para a construção de 11 moradias em lotes de dimensão média de 600 m2, com 2 pisos e cave.

Numa 2ª fase e na parcela sobrante de cerca de 1,3 hectares viabilidade de construção de equipamento coletivo onde destacamos a possibilidade de residência universitária com capacidade para 300 unidades, lar, clínica ou creche.

Contacte-me para mais detalhes sobre o projeto e as possibilidades!

 

*************INGLÊS*******************

In one of Évora’s most popular residential areas, we present this unique product.

In a total area of ​​2.7 hectares with allotment and architectural project approved for the construction of 11 houses in plots of average size of 600 m2, with 2 floors and basement.

In a 2nd phase and in the remaining plot of about 1.3 hectares, feasibility of building collective equipment where we highlight the possibility of a university residence with capacity for 300 units, home, clinic or nursery.

Contact me for more details about the project and possibilities!",Consultor Sara Martins,"=""+351969007456""",,"ENERGY CLASS:
NC",https://houseteamconsultores.pt/wp-content/uploads/2026/01/Photo_2-1240x720.jpg,https://houseteamconsultores.pt/wp-content/uploads/2026/01/Photo_1-1240x720.jpg,https://houseteamconsultores.pt/wp-content/uploads/2026/01/Photo_1-1240x720.jpg,https://houseteamconsultores.pt/wp-content/uploads/2026/01/Photo_1-1240x720.jpg,https://houseteamconsultores.pt/wp-content/uploads/2026/01/Photo_2-1240x720.jpg,https://houseteamconsultores.pt/wp-content/uploads/2026/01/Photo_1-1240x720.jpg,https://houseteamconsultores.pt/wp-content/uploads/2026/01/Photo_1-1240x720.jpg,https://houseteamconsultores.pt/wp-content/uploads/2026/01/Photo_1-1240x720.jpg,https://houseteamconsultores.pt/wp-content/uploads/2026/01/Photo_1-1240x720.jpg,https://houseteamconsultores.pt/wp-content/uploads/2026/01/Photo_1-1240x720.jpg,https://houseteamconsultores.pt/wp-content/uploads/2026/01/Photo_1-1240x720.jpg,https://houseteamconsultores.pt/wp-content/uploads/2026/01/Photo_2-1240x720.jpg,https://houseteamconsultores.pt/wp-content/uploads/2026/01/Photo_1-1240x720.jpg,https://houseteamconsultores.pt/wp-content/uploads/2026/01/Photo_1-1240x720.jpg,https://houseteamconsultores.pt/wp-content/uploads/2026/01/Photo_1-1240x720.jpg,https://houseteamconsultores.pt/wp-content/uploads/2026/01/Photo_1-1240x720.jpg,https://houseteamconsultores.pt/wp-content/uploads/2026/01/Photo_1-1240x720.jpg,https://houseteamconsultores.pt/wp-content/uploads/2026/01/Photo_1-1240x720.jpg,https://houseteamconsultores.pt/wp-content/uploads/2026/01/Photo_1-1240x720.jpg
2026-01-07 15:23:42,Successful,https://dashboard.browse.ai/workspaces/miguel-pinto/robots/019b98a9-43a6-7b41-a152-754a8ae24957/history/019b990d-db9c-7698-ae9f-19fc4eb72460,https://houseteamconsultores.pt/property/120612244-26/,Moradia T5 para venda | Buarcos | Figueira da Foz,€1.200.000,Para Venda,"3080-359, Portugal",120612244-26,5,6,1,786,"Moradia T5 em Buarcos – Figueira da Foz

Excelente moradia T5 com 786m2 de construção inserida num lote de 3.044m2, localizada na Figueira da Foz, a 5 minutos da praia de Buarcos.

Esta é uma moradia única, caracterizada pela sua grande qualidade, estética e requinte, do qual destacamos os 18 painéis fotovoltaicos com uma bateria de 10kwh, o aquecimento central em todas as divisões e a caixilharia em alumínio com vidros duplos com corte térmico e acústico.

Iluminada em todas as frentes, com um magnífico jardim e piscina* que convida a muitos momentos de lazer e com uma vista deslumbrante de mar e serra.

A moradia é composta por cave, piso térreo e sótão*.

No piso térreo encontramos um lindíssimo hall de entrada que dá acesso à área social da casa com duas salas de estar e uma sala de jantar, uma cozinha com equipamentos de marca conceituada, com copa e despensa, casa de banho de serviço e uma suite. Ainda a partir do hall de entrada temos acesso à área mais privada da casa onde temos a suite principal, dois quartos e uma casa de banho completa de apoio aos mesmos. Tantos as salas como os quartos têm acesso direto ao jardim.

No piso inferior temos dois quartos, um escritório, uma sala de estar/jogos, uma casa de banho completa com base de duche. Lavandaria e ainda uma sala ampla, sala de jantar com cozinha e de acesso direto ao jardim e à piscina*. Dispõe ainda de uma garagem com 3 portões independentes.

Venha conhecer esta magnifica moradia!

Marque já a sua visita!

*Piscina e número de pisos não averbados na documentação.

————————–

T5 House in Buarcos – Figueira da Foz

Excellent T5 house with 786m² of construction on a 3,044m² plot located in Figueira da Foz, just 5 minutes from Buarcos beach.

This is a unique house, characterized by its high quality, aesthetics, and refinement, including 18 photovoltaic panels with a 10kWh battery, central heating in all rooms, and aluminum frames with double-glazed thermal and acoustic insulation.

Illuminated on all fronts, with a magnificent garden and pool* inviting many leisure moments and offering stunning views of the sea and mountains.

The house consists of a basement, ground floor, and attic*.

On the ground floor, we find a beautiful entrance hall that leads to the social area of the house with two living rooms and a dining room, a kitchen with renowned brand appliances, with a breakfast area and pantry, a guest bathroom, and a suite. Also from the entrance hall, we have access to the more private area of the house where we have the master suite, two bedrooms, and a full bathroom supporting them. Both the living rooms and the bedrooms have direct access to the garden.

On the lower floor, we have two bedrooms, an office, a living/games room, a full bathroom with a shower, a laundry room, and a large dining room with a kitchen and direct access to the garden and pool*. It also has a garage with 3 independent gates.

Come and see this magnificent house!

Schedule your visit now!

*Pool and number of floors not recorded in the documentation.",Consultor Ana Martins,"=""+351 929 062 351""","Aquecimento Central
Ar condicionado
Armários embutidos
Cozinha equipada
Energias renováveis
Garagem
Jardim
Lareira
Piscina
Praia
Vidros Duplos","ENERGY CLASS:
B",https://houseteamconsultores.pt/wp-content/uploads/2025/11/04-1240x720.jpg,https://houseteamconsultores.pt/wp-content/uploads/2025/11/03-1240x720.jpg,https://houseteamconsultores.pt/wp-content/uploads/2025/11/03-1240x720.jpg,https://houseteamconsultores.pt/wp-content/uploads/2025/11/03-1240x720.jpg,https://houseteamconsultores.pt/wp-content/uploads/2025/11/04-1240x720.jpg,https://houseteamconsultores.pt/wp-content/uploads/2025/11/03-1240x720.jpg,https://houseteamconsultores.pt/wp-content/uploads/2025/11/03-1240x720.jpg,https://houseteamconsultores.pt/wp-content/uploads/2025/11/03-1240x720.jpg,https://houseteamconsultores.pt/wp-content/uploads/2025/11/03-1240x720.jpg,https://houseteamconsultores.pt/wp-content/uploads/2025/11/03-1240x720.jpg,https://houseteamconsultores.pt/wp-content/uploads/2025/11/03-1240x720.jpg,https://houseteamconsultores.pt/wp-content/uploads/2025/11/04-1240x720.jpg,https://houseteamconsultores.pt/wp-content/uploads/2025/11/03-1240x720.jpg,https://houseteamconsultores.pt/wp-content/uploads/2025/11/03-1240x720.jpg,https://houseteamconsultores.pt/wp-content/uploads/2025/11/03-1240x720.jpg,https://houseteamconsultores.pt/wp-content/uploads/2025/11/03-1240x720.jpg,https://houseteamconsultores.pt/wp-content/uploads/2025/11/03-1240x720.jpg,https://houseteamconsultores.pt/wp-content/uploads/2025/11/03-1240x720.jpg,https://houseteamconsultores.pt/wp-content/uploads/2025/11/03-1240x720.jpg
2026-01-07 15:23:39,Successful,https://dashboard.browse.ai/workspaces/miguel-pinto/robots/019b98a9-43a6-7b41-a152-754a8ae24957/history/019b990d-db9c-768b-b83f-30e1a32da0de,https://houseteamconsultores.pt/property/123211536-11/,Armazém para Venda | Vimieiro | Arraiolos | Évora,€165.000,Para Venda,"7040-610 Vimieiro, Portugal",123211536-11,2,278,630,,"Armazéns para venda no Vimieiro

Inseridos num lote de 630 m2 estes 2 armazéns totalizam uma área coberta de 278 m2, com um pé direito apropriado para a entrada de viaturas para carga e descarga e com mais cerca de 350 m2 de área descoberta que permite um acesso aos armazéns e também de parqueamento.

Os 2 armazéns têm portões de entrada independentes mas com passagem interior entre eles que pode ou não ser utilizada.

Devidamente licenciados pela Câmara Municipal de Arraiolos.

Uma excelente oportunidade!",Consultor Sara Martins,"=""+351969007456""",,"ENERGY CLASS:
NC",https://houseteamconsultores.pt/wp-content/uploads/2026/01/Photo-2-1-1240x720.jpg,https://houseteamconsultores.pt/wp-content/uploads/2026/01/Photo-4-1-1240x720.jpg,https://houseteamconsultores.pt/wp-content/uploads/2026/01/Photo-4-1-1240x720.jpg,https://houseteamconsultores.pt/wp-content/uploads/2026/01/Photo-4-1-1240x720.jpg,https://houseteamconsultores.pt/wp-content/uploads/2026/01/Photo-2-1-1240x720.jpg,https://houseteamconsultores.pt/wp-content/uploads/2026/01/Photo-4-1-1240x720.jpg,https://houseteamconsultores.pt/wp-content/uploads/2026/01/Photo-4-1-1240x720.jpg,https://houseteamconsultores.pt/wp-content/uploads/2026/01/Photo-4-1-1240x720.jpg,https://houseteamconsultores.pt/wp-content/uploads/2026/01/Photo-4-1-1240x720.jpg,https://houseteamconsultores.pt/wp-content/uploads/2026/01/Photo-4-1-1240x720.jpg,https://houseteamconsultores.pt/wp-content/uploads/2026/01/Photo-4-1-1240x720.jpg,https://houseteamconsultores.pt/wp-content/uploads/2026/01/Photo-2-1-1240x720.jpg,https://houseteamconsultores.pt/wp-content/uploads/2026/01/Photo-4-1-1240x720.jpg,https://houseteamconsultores.pt/wp-content/uploads/2026/01/Photo-4-1-1240x720.jpg,https://houseteamconsultores.pt/wp-content/uploads/2026/01/Photo-4-1-1240x720.jpg,https://houseteamconsultores.pt/wp-content/uploads/2026/01/Photo-4-1-1240x720.jpg,https://houseteamconsultores.pt/wp-content/uploads/2026/01/Photo-4-1-1240x720.jpg,https://houseteamconsultores.pt/wp-content/uploads/2026/01/Photo-4-1-1240x720.jpg,https://houseteamconsultores.pt/wp-content/uploads/2026/01/Photo-4-1-1240x720.jpg
2026-01-07 15:23:39,Successful,https://dashboard.browse.ai/workspaces/miguel-pinto/robots/019b98a9-43a6-7b41-a152-754a8ae24957/history/019b990d-db9d-7639-943f-c73c24a6b77f,https://houseteamconsultores.pt/property/121021514-9/,Apartamento T3 para venda | Monte Estoril | Cascais,€850.000,Para Venda,"2765-418, Portugal",121021514-9,3,3,3,2005,"Venha visitar este fantástico apartamento T3, situado numa das zonas mais exclusivas do concelho de Cascais – o Monte Estoril.

Com uma vista desafogada para uma área verde e para a serra de Sintra , este imóvel
encontra-se em excelente estado de conservação e oferece todas as condições para viver com conforto e qualidade.

➡️Principais características:

● 3 quartos amplos, sendo um em suite

● 3 Casas banho

● Sala muito espaçosa

● Cozinha equipada

● Chão em madeira nobre

● Estores eléctricos

● Aquecimento central

● Pré-instalação aspiração central e som ambiente

● Cabine e banheira de hidromassagem

● 2 varandas que convidam a desfrutar da paisagem

● Excelente luminosidade e ótima exposição solar

● 3 lugares de estacionamento

● Poucos minutos a pé do comboio linha de Cascais e de zona comercial

● Proximidade e fácil acesso a escolas nacionais e internacionais

● Fácil acesso A5, A16 e Marginal

A escolha ideal para quem procura viver numa zona tranquila e perto da praia

Deixe-se encantar por este magnífico T3 e agende já a sua visita!

A informação disponibilizada não dispensa a sua confirmação e não pode ser considerada vinculativa.

__________________________________________________

 

Elegant 3-Bedroom Apartment with Open Views in Monte Estoril

Come and visit this fantastic 3-bedroom apartment, located in one of the most
exclusive areas of Cascais – Monte Estoril.

With open views over a green area and the Sintra mountains, this property is in
excellent condition and offers all the comfort and quality you are looking for.

➡️ Main features:

● 3 spacious bedrooms, one of them en suite

● 3 bathrooms

● Very large living room

● Fully equipped kitchen

● Solid wood flooring

● Electric shutters

● Central heating

● Prepared for central vacuum and integrated sound system

● Hydromassage cabin and bathtub

● 2 balconies inviting you to enjoy the views

● Bright interiors with excellent natural light throughout the day

● Private parking for 3 cars

● Within walking distance of Cascais train station and shopping facilities

● Conveniently located near national and international schools

● Easy access to A5, A16 and Marginal

An ideal choice for those seeking to live in a quiet area, just a few minutes from
the beach.

✨ Fall in love with this magnificent 3-bedroom apartment – schedule your visit today!",Consultor Sofia Leitão,"=""+351917715544""","Aquecimento Central
Armários embutidos
Bons acessos
Cozinha equipada
Elevador
Garagem
Lugares de estacionamento
Perto de Autoestrada
Praia
Transportes próximos
Varanda","ENERGY CLASS:
C",https://houseteamconsultores.pt/wp-content/uploads/2025/08/2-entrada-1240x720.jpg,https://houseteamconsultores.pt/wp-content/uploads/2025/08/7-sala-1240x720.jpg,https://houseteamconsultores.pt/wp-content/uploads/2025/08/7-sala-1240x720.jpg,https://houseteamconsultores.pt/wp-content/uploads/2025/08/7-sala-1240x720.jpg,https://houseteamconsultores.pt/wp-content/uploads/2025/08/2-entrada-1240x720.jpg,https://houseteamconsultores.pt/wp-content/uploads/2025/08/7-sala-1240x720.jpg,https://houseteamconsultores.pt/wp-content/uploads/2025/08/7-sala-1240x720.jpg,https://houseteamconsultores.pt/wp-content/uploads/2025/08/7-sala-1240x720.jpg,https://houseteamconsultores.pt/wp-content/uploads/2025/08/7-sala-1240x720.jpg,https://houseteamconsultores.pt/wp-content/uploads/2025/08/7-sala-1240x720.jpg,https://houseteamconsultores.pt/wp-content/uploads/2025/08/7-sala-1240x720.jpg,https://houseteamconsultores.pt/wp-content/uploads/2025/08/2-entrada-1240x720.jpg,https://houseteamconsultores.pt/wp-content/uploads/2025/08/7-sala-1240x720.jpg,https://houseteamconsultores.pt/wp-content/uploads/2025/08/7-sala-1240x720.jpg,https://houseteamconsultores.pt/wp-content/uploads/2025/08/7-sala-1240x720.jpg,https://houseteamconsultores.pt/wp-content/uploads/2025/08/7-sala-1240x720.jpg,https://houseteamconsultores.pt/wp-content/uploads/2025/08/7-sala-1240x720.jpg,https://houseteamconsultores.pt/wp-content/uploads/2025/08/7-sala-1240x720.jpg,https://houseteamconsultores.pt/wp-content/uploads/2025/08/7-sala-1240x720.jpg
2026-01-07 15:23:39,Successful,https://dashboard.browse.ai/workspaces/miguel-pinto/robots/019b98a9-43a6-7b41-a152-754a8ae24957/history/019b990d-db9c-73ee-be57-8b12584b4f59,https://houseteamconsultores.pt/property/120612244-47/,Apartamento T3 à venda | Sobralinho | Vila Franca de Xira,€310.000,Para Venda,"2615-750 Sobralinho, Portugal",120612244-47,3,2,2000,131,"Apartamento T3 no Sobralinho – Conforto, Espaço e Funcionalidade

Excelente apartamento T3 localizado no Sobralinho, ideal para quem procura conforto, áreas bem distribuídas e uma envolvente tranquila com bons acessos.

O imóvel dispõe de três quartos todos com roupeiros embutidos, sendo um deles suite com varanda privativa, proporcionando maior conforto e privacidade. A cozinha é ampla e funcional, contando igualmente com varanda. Possui ainda despensa, garantindo arrumação extra no dia a dia.

A sala com lareira é luminosa e acolhedora, perfeita para momentos em família ou convívio. O apartamento beneficia de boa exposição solar e uma distribuição prática entre a zona social e a zona privada.

Inclui ainda uma ampla arrecadação no sótão, oferecendo espaço adicional para arrumação.

Situado numa zona residencial calma, próximo de comércio, serviços, escolas e transportes, com fáceis acessos às principais vias.

Uma excelente oportunidade para habitação própria ou investimento.

Marque já a sua visita!

ABP: 115 m2

ABD: 16 m2",Consultor Ana Martins,"=""+351 929 062 351""","Armários embutidos
Arrecadação
Despensa
Lareira
Transportes próximos
Varanda","ENERGY CLASS:
E",https://houseteamconsultores.pt/wp-content/uploads/2025/12/04-1-1240x720.jpg,https://houseteamconsultores.pt/wp-content/uploads/2025/12/03-1-1240x720.jpg,https://houseteamconsultores.pt/wp-content/uploads/2025/12/03-1-1240x720.jpg,https://houseteamconsultores.pt/wp-content/uploads/2025/12/03-1-1240x720.jpg,https://houseteamconsultores.pt/wp-content/uploads/2025/12/04-1-1240x720.jpg,https://houseteamconsultores.pt/wp-content/uploads/2025/12/03-1-1240x720.jpg,https://houseteamconsultores.pt/wp-content/uploads/2025/12/03-1-1240x720.jpg,https://houseteamconsultores.pt/wp-content/uploads/2025/12/03-1-1240x720.jpg,https://houseteamconsultores.pt/wp-content/uploads/2025/12/03-1-1240x720.jpg,https://houseteamconsultores.pt/wp-content/uploads/2025/12/03-1-1240x720.jpg,https://houseteamconsultores.pt/wp-content/uploads/2025/12/03-1-1240x720.jpg,https://houseteamconsultores.pt/wp-content/uploads/2025/12/04-1-1240x720.jpg,https://houseteamconsultores.pt/wp-content/uploads/2025/12/03-1-1240x720.jpg,https://houseteamconsultores.pt/wp-content/uploads/2025/12/03-1-1240x720.jpg,https://houseteamconsultores.pt/wp-content/uploads/2025/12/03-1-1240x720.jpg,https://houseteamconsultores.pt/wp-content/uploads/2025/12/03-1-1240x720.jpg,https://houseteamconsultores.pt/wp-content/uploads/2025/12/03-1-1240x720.jpg,https://houseteamconsultores.pt/wp-content/uploads/2025/12/03-1-1240x720.jpg,https://houseteamconsultores.pt/wp-content/uploads/2025/12/03-1-1240x720.jpg
2026-01-07 15:23:38,Successful,https://dashboard.browse.ai/workspaces/miguel-pinto/robots/019b98a9-43a6-7b41-a152-754a8ae24957/history/019b990d-db9c-7cac-a1c6-7a842bbf4cd4,https://houseteamconsultores.pt/property/120612244-44/,Apartamento T3 para venda | Olivais | Lisboa,€470.000,Para Venda,"1800-098 Lisboa, Portugal",120612244-44,3,1,95,,"Apartamento T3 para venda

APARTAMENTO DUPLEX DE 4 ASSOALHADAS em EXCELENTE ESTADO DE CONSERVAÇÃO inserido num prédio com elevador localizado nos Olivais Sul.

O piso inferior é composto por sala comum e cozinha. No piso superior encontramos três quartos, dois deles com roupeiro embutido e uma casa de banho completa com janela.

Ar condicionado nos quartos.

A sua localização privilegiada, perto do shopping dos Olivais, das estações de Metro dos Olivais e Cabo Ruivo, paragem de autocarro a poucos metros, escolas, e de todo o tipo de comércio e serviços faz deste apartamento o sítio ideal para viver.

Venha conhecê-lo!

Marque já a sua visita!",Consultor Ana Martins,"=""+351 929 062 351""","Ar condicionado
Armários embutidos
Elevador
Transportes próximos","ENERGY CLASS:
D",https://houseteamconsultores.pt/wp-content/uploads/2025/11/01a-1240x720.jpg,https://houseteamconsultores.pt/wp-content/uploads/2025/11/01-2-1240x720.jpg,https://houseteamconsultores.pt/wp-content/uploads/2025/11/01-2-1240x720.jpg,https://houseteamconsultores.pt/wp-content/uploads/2025/11/01-2-1240x720.jpg,https://houseteamconsultores.pt/wp-content/uploads/2025/11/01a-1240x720.jpg,https://houseteamconsultores.pt/wp-content/uploads/2025/11/01-2-1240x720.jpg,https://houseteamconsultores.pt/wp-content/uploads/2025/11/01-2-1240x720.jpg,https://houseteamconsultores.pt/wp-content/uploads/2025/11/01-2-1240x720.jpg,https://houseteamconsultores.pt/wp-content/uploads/2025/11/01-2-1240x720.jpg,https://houseteamconsultores.pt/wp-content/uploads/2025/11/01-2-1240x720.jpg,https://houseteamconsultores.pt/wp-content/uploads/2025/11/01-2-1240x720.jpg,https://houseteamconsultores.pt/wp-content/uploads/2025/11/01a-1240x720.jpg,https://houseteamconsultores.pt/wp-content/uploads/2025/11/01-2-1240x720.jpg,https://houseteamconsultores.pt/wp-content/uploads/2025/11/01-2-1240x720.jpg,https://houseteamconsultores.pt/wp-content/uploads/2025/11/01-2-1240x720.jpg,https://houseteamconsultores.pt/wp-content/uploads/2025/11/01-2-1240x720.jpg,https://houseteamconsultores.pt/wp-content/uploads/2025/11/01-2-1240x720.jpg,https://houseteamconsultores.pt/wp-content/uploads/2025/11/01-2-1240x720.jpg,https://houseteamconsultores.pt/wp-content/uploads/2025/11/01-2-1240x720.jpg
2026-01-07 15:23:37,Successful,https://dashboard.browse.ai/workspaces/miguel-pinto/robots/019b98a9-43a6-7b41-a152-754a8ae24957/history/019b990d-db9c-7225-a98b-d2263027e135,https://houseteamconsultores.pt/property/120612244-45/,Apartamento T3 para arrendamento | Olivais | Lisboa,€1.700,Arrendamento,"1800-098 Lisboa, Portugal",120612244-45,3,1,1969,95,"Apartamento T3 para arrendamento

APARTAMENTO DUPLEX DE 4 ASSOALHADAS em EXCELENTE ESTADO DE CONSERVAÇÃO inserido num prédio com elevador localizado nos Olivais Sul.

O piso inferior é composto por sala comum e cozinha. No piso superior encontramos três quartos, dois deles com roupeiro embutido e uma casa de banho completa com janela.

Ar condicionado nos quartos.

A sua localização privilegiada, perto do shopping dos Olivais, das estações de Metro dos Olivais e Cabo Ruivo, paragem de autocarro a poucos metros, escolas, e de todo o tipo de comércio e serviços faz deste apartamento o sítio ideal para viver.

Condições de Arrendamento: 

2 Rendas + 2 Cauções + Fiador

Documentação necessária para o arrendamento:

IRS e Nota de Liquidação;
3 últimos recibos de ordenado;
Documento da entidade patronal comprovando o tipo de vínculo à empresa;
Documento de não dívida às Finanças bem como Segurança Social.

Venha conhecê-lo!

Marque já a sua visita!",Consultor Ana Martins,"=""+351 929 062 351""","Ar condicionado
Armários embutidos
Elevador
Transportes próximos","ENERGY CLASS:
D",https://houseteamconsultores.pt/wp-content/uploads/2025/11/05-3-1240x720.jpg,https://houseteamconsultores.pt/wp-content/uploads/2025/11/03-3-1240x720.jpg,https://houseteamconsultores.pt/wp-content/uploads/2025/11/03-3-1240x720.jpg,https://houseteamconsultores.pt/wp-content/uploads/2025/11/03-3-1240x720.jpg,https://houseteamconsultores.pt/wp-content/uploads/2025/11/05-3-1240x720.jpg,https://houseteamconsultores.pt/wp-content/uploads/2025/11/03-3-1240x720.jpg,https://houseteamconsultores.pt/wp-content/uploads/2025/11/03-3-1240x720.jpg,https://houseteamconsultores.pt/wp-content/uploads/2025/11/03-3-1240x720.jpg,https://houseteamconsultores.pt/wp-content/uploads/2025/11/03-3-1240x720.jpg,https://houseteamconsultores.pt/wp-content/uploads/2025/11/03-3-1240x720.jpg,https://houseteamconsultores.pt/wp-content/uploads/2025/11/03-3-1240x720.jpg,https://houseteamconsultores.pt/wp-content/uploads/2025/11/05-3-1240x720.jpg,https://houseteamconsultores.pt/wp-content/uploads/2025/11/03-3-1240x720.jpg,https://houseteamconsultores.pt/wp-content/uploads/2025/11/03-3-1240x720.jpg,https://houseteamconsultores.pt/wp-content/uploads/2025/11/03-3-1240x720.jpg,https://houseteamconsultores.pt/wp-content/uploads/2025/11/03-3-1240x720.jpg,https://houseteamconsultores.pt/wp-content/uploads/2025/11/03-3-1240x720.jpg,https://houseteamconsultores.pt/wp-content/uploads/2025/11/03-3-1240x720.jpg,https://houseteamconsultores.pt/wp-content/uploads/2025/11/03-3-1240x720.jpg
2026-01-07 15:23:35,Successful,https://dashboard.browse.ai/workspaces/miguel-pinto/robots/019b98a9-43a6-7b41-a152-754a8ae24957/history/019b990d-db9c-7516-aa10-85c93512aa72,https://houseteamconsultores.pt/property/120612652-23/,Apartamento T2 para venda | Monte Abraão | Sintra,€317.000,Para Venda,"2745-324 Queluz, Portugal",120612652-23,2,2,2006,"97,3","Apartamento T2 em Monte Abraão – Luz, Conforto e Tranquilidade

Descubra este acolhedor T2 com 97 m², situado numa zona calma e familiar de Monte Abraão, ideal para quem procura conforto e qualidade de vida.

Com excelente exposição solar, este apartamento enche-se de luz natural ao longo de todo o dia, criando um ambiente quente e acolhedor.

O imóvel conta com 2 amplos quartos, duas casas de banho e uma sala espaçosa, perfeita para momentos em família ou para receber amigos. A cozinha funcional, equipada, pronta para receber os seus sabores e histórias.

O prédio situa-se num bairro tranquilo, com fácil acesso e transportes, comércio local, junta de freguesia, centro de saúde e escolas – tudo o que precisa à distância de uma curta caminhada.

É um prédio com duas entradas, uma no piso 0 e outra no piso -5.

O apartamento tem apenas uma frente, que representa um 5º andar e não um r/c.

Se procura um lar onde o conforto, a luz e a tranquilidade se unem, este T2 em Monte Abraão é a oportunidade ideal!

O lar onde os seus dias podem começar com luz e terminar em total serenidade.",Consultor Sandra Guedes,"=""+351934188303""","Armários embutidos
Bons acessos
Elevador
Rés do chão
Varanda","ENERGY CLASS:
D",https://houseteamconsultores.pt/wp-content/uploads/2025/12/2-1-1240x720.jpg,https://houseteamconsultores.pt/wp-content/uploads/2025/12/1-1-1240x720.jpg,https://houseteamconsultores.pt/wp-content/uploads/2025/12/1-1-1240x720.jpg,https://houseteamconsultores.pt/wp-content/uploads/2025/12/1-1-1240x720.jpg,https://houseteamconsultores.pt/wp-content/uploads/2025/12/2-1-1240x720.jpg,https://houseteamconsultores.pt/wp-content/uploads/2025/12/1-1-1240x720.jpg,https://houseteamconsultores.pt/wp-content/uploads/2025/12/1-1-1240x720.jpg,https://houseteamconsultores.pt/wp-content/uploads/2025/12/1-1-1240x720.jpg,https://houseteamconsultores.pt/wp-content/uploads/2025/12/1-1-1240x720.jpg,https://houseteamconsultores.pt/wp-content/uploads/2025/12/1-1-1240x720.jpg,https://houseteamconsultores.pt/wp-content/uploads/2025/12/1-1-1240x720.jpg,https://houseteamconsultores.pt/wp-content/uploads/2025/12/2-1-1240x720.jpg,https://houseteamconsultores.pt/wp-content/uploads/2025/12/1-1-1240x720.jpg,https://houseteamconsultores.pt/wp-content/uploads/2025/12/1-1-1240x720.jpg,https://houseteamconsultores.pt/wp-content/uploads/2025/12/1-1-1240x720.jpg,https://houseteamconsultores.pt/wp-content/uploads/2025/12/1-1-1240x720.jpg,https://houseteamconsultores.pt/wp-content/uploads/2025/12/1-1-1240x720.jpg,https://houseteamconsultores.pt/wp-content/uploads/2025/12/1-1-1240x720.jpg,https://houseteamconsultores.pt/wp-content/uploads/2025/12/1-1-1240x720.jpg
2026-01-07 15:23:33,Successful,https://dashboard.browse.ai/workspaces/miguel-pinto/robots/019b98a9-43a6-7b41-a152-754a8ae24957/history/019b990d-db9c-7da3-b64a-25ccf1e9c94f,https://houseteamconsultores.pt/property/120612091-183/,Loja para arrendamento | Alverca | Vila Franca de Xira,€650,Arrendamento,"Alverca do Ribatejo, Portugal",120612091-183,2,1993,64,,"☕ Arrenda-se Café, na Chasa, em Alverca – Totalmente Equipado e Pronto a Funcionar

Excelente oportunidade para quem procura iniciar ou expandir negócio na restauração num ambiente mais tranquilo e com potencial de crescimento.

Arrenda-se café totalmente equipado, pronto a trabalhar, situado em Alverca, numa zona calma e residencial, ideal para criar um espaço de proximidade e clientes habituais.

O café dispõe de:

Sala equipada com mesas e cadeiras, sendo bastante funcional
Cozinha com saída de fumos
Possibilidade de servir petiscos e pequenas refeições
Equipamento incluído no arrendamento

🔽 Extra opcional:

Na cave existe um salão de jogos, disponível para arrendamento conjunto, mediante valor adicional, permitindo diversificar e aumentar as fontes de rendimento.

Ideal para quem pretende um espaço já preparado para abrir, com investimento inicial reduzido e margem para crescer.

📍 Zona tranquila e residencial

🔑 Pronto a abrir

💼 Bom potencial de desenvolvimento

Para mais informações, entre em contacto.",Consultor Margarida Lopes,"=""+351 967 635 312""",,"ENERGY CLASS:
B",https://houseteamconsultores.pt/wp-content/uploads/2025/11/3-3-1240x720.jpg,https://houseteamconsultores.pt/wp-content/uploads/2025/11/3.1-1240x720.jpg,https://houseteamconsultores.pt/wp-content/uploads/2025/11/3.1-1240x720.jpg,https://houseteamconsultores.pt/wp-content/uploads/2025/11/3.1-1240x720.jpg,https://houseteamconsultores.pt/wp-content/uploads/2025/11/3-3-1240x720.jpg,https://houseteamconsultores.pt/wp-content/uploads/2025/11/3.1-1240x720.jpg,https://houseteamconsultores.pt/wp-content/uploads/2025/11/3.1-1240x720.jpg,https://houseteamconsultores.pt/wp-content/uploads/2025/11/3.1-1240x720.jpg,https://houseteamconsultores.pt/wp-content/uploads/2025/11/3.1-1240x720.jpg,https://houseteamconsultores.pt/wp-content/uploads/2025/11/3.1-1240x720.jpg,https://houseteamconsultores.pt/wp-content/uploads/2025/11/3.1-1240x720.jpg,https://houseteamconsultores.pt/wp-content/uploads/2025/11/3-3-1240x720.jpg,https://houseteamconsultores.pt/wp-content/uploads/2025/11/3.1-1240x720.jpg,https://houseteamconsultores.pt/wp-content/uploads/2025/11/3.1-1240x720.jpg,https://houseteamconsultores.pt/wp-content/uploads/2025/11/3.1-1240x720.jpg,https://houseteamconsultores.pt/wp-content/uploads/2025/11/3.1-1240x720.jpg,https://houseteamconsultores.pt/wp-content/uploads/2025/11/3.1-1240x720.jpg,https://houseteamconsultores.pt/wp-content/uploads/2025/11/3.1-1240x720.jpg,https://houseteamconsultores.pt/wp-content/uploads/2025/11/3.1-1240x720.jpg
2026-01-07 15:23:33,Successful,https://dashboard.browse.ai/workspaces/miguel-pinto/robots/019b98a9-43a6-7b41-a152-754a8ae24957/history/019b990d-db9a-7b89-92a6-536d27cec1c9,https://houseteamconsultores.pt/property/120612244-29/,Moradia T6 para venda | Bobadela | Oliveira do Hospital,€735.000,Para Venda,"Rua Manuel dos Anjos Mendes, Bobadela, Portugal",120612244-29,6,3,1,1937,"Excelente moradia T6 localizada em Bobadela – Oliveira do Hospital

Inserida num terreno de 3.365m2 esta charmosa moradia em granito com uma área de bruta de construção de 340m2 é composta por 3 pisos distribuídos da seguinte forma:

Piso térreo:

Salão com cozinha em open space e lareira;
1 WC completo com base de duche;
1 despensa.
Sala de máquinas com lavandaria e arrecadação
Garagem

1º Piso:

Cozinha;
Sala;
1 quarto
Quarto/closet
WC completo com banheira
WC social;
Espaço para arrumos;

2º Piso:

2 quartos com duas áreas distintas que se transformam cada um em dois quartos;
1 quarto com acesso a um fantástico terraço com uma vista deslumbrante;
1 espaço para arrumos (poderá ser transformado num WC).

Salientamos ainda o aquecimento central com caldeira a pellets, pavimento do 1º piso (sala, corredor e quarto principal) em madeira maciça Jatobá e os lindos tetos em madeira em praticamente toda a casa.

No exterior encontramos um lindo jardim que rodeia um maravilhoso espaço de lazer com churrasqueira e forno onde poderá disfrutar de momentos de convívio em família e com amigos.

Esta propriedade que está toda vedada por um muro em pedra tem ainda uma zona para animais, um poço com distribuição de água em vários pontos do terreno e diversas árvores de frutos.

Para além da moradia existe também um armazém com 225m2 com uma área ampla e várias divisões incluindo uma instalação sanitária.

Local com grande potencial para desenvolvimento de turismo rural.

Bobadela é uma pequena aldeia situada no concelho de Oliveira do Hospital, na região do Centro de Portugal. É conhecida pelo seu rico património histórico e arquitetónico, destacando-se especialmente pelas suas ruínas romanas e pelas construções em granito que são típicas da região. É um local de grande interesse histórico e cultural, com um ambiente tranquilo e uma forte ligação ao passado.

Agende já a sua visita!",Consultor Ana Martins,"=""+351 929 062 351""","Arrecadação
Despensa
Garagem
Jardim
Lareira
Terraço
Varanda","ENERGY CLASS:
D",https://houseteamconsultores.pt/wp-content/uploads/2025/11/02-1240x720.jpg,https://houseteamconsultores.pt/wp-content/uploads/2025/11/01-1240x720.jpg,https://houseteamconsultores.pt/wp-content/uploads/2025/11/01-1240x720.jpg,https://houseteamconsultores.pt/wp-content/uploads/2025/11/01-1240x720.jpg,https://houseteamconsultores.pt/wp-content/uploads/2025/11/02-1240x720.jpg,https://houseteamconsultores.pt/wp-content/uploads/2025/11/01-1240x720.jpg,https://houseteamconsultores.pt/wp-content/uploads/2025/11/01-1240x720.jpg,https://houseteamconsultores.pt/wp-content/uploads/2025/11/01-1240x720.jpg,https://houseteamconsultores.pt/wp-content/uploads/2025/11/01-1240x720.jpg,https://houseteamconsultores.pt/wp-content/uploads/2025/11/01-1240x720.jpg,https://houseteamconsultores.pt/wp-content/uploads/2025/11/01-1240x720.jpg,https://houseteamconsultores.pt/wp-content/uploads/2025/11/02-1240x720.jpg,https://houseteamconsultores.pt/wp-content/uploads/2025/11/01-1240x720.jpg,https://houseteamconsultores.pt/wp-content/uploads/2025/11/01-1240x720.jpg,https://houseteamconsultores.pt/wp-content/uploads/2025/11/01-1240x720.jpg,https://houseteamconsultores.pt/wp-content/uploads/2025/11/01-1240x720.jpg,https://houseteamconsultores.pt/wp-content/uploads/2025/11/01-1240x720.jpg,https://houseteamconsultores.pt/wp-content/uploads/2025/11/01-1240x720.jpg,https://houseteamconsultores.pt/wp-content/uploads/2025/11/01-1240x720.jpg
2026-01-07 15:23:32,Successful,https://dashboard.browse.ai/workspaces/miguel-pinto/robots/019b98a9-43a6-7b41-a152-754a8ae24957/history/019b990d-db9c-78e2-9566-5fe8516638af,https://houseteamconsultores.pt/property/120612244-46/,Apartamento T2 para Venda | Cacém | Sintra,€260.000,Para Venda,"2735-573 Agualva-Cacém, Portugal",120612244-46,2,1,1995,83,"Apartamento T2 – Cacém

Este acolhedor apartamento T2,situado no Cacém, oferece o equilíbrio perfeito entre conforto e funcionalidade. Inserido num prédio com elevador, destaca-se pela sua
luminosidade, vista desafogada e pela disposição prática dos espaços.

A sala, ampla e convidativa, inclui uma lareira, ideal para criar um ambiente confortável nos dias mais frios.

Os dois quartos contam com roupeiros embutidos, garantindo excelente capacidade de arrumação. A cozinha e a casa de banho completam o apartamento, proporcionando um espaço bem distribuído e funcional.

Para maior comodidade, o imóvel dispõe ainda de uma arrecadação, oferecendo espaço extra para organização.

Localizado numa zona central e bem servida de serviços, escolas, comércio e transportes, este apartamento é uma oportunidade ideal tanto para habitação própria como para investimento.

Agenda já a sua visita!",Consultor Ana Martins,"=""+351 929 062 351""","Elevador
Lareira
Transportes próximos
Varanda","ENERGY CLASS:
D",https://houseteamconsultores.pt/wp-content/uploads/2025/12/02-1240x720.jpg,https://houseteamconsultores.pt/wp-content/uploads/2025/12/01-1240x720.jpg,https://houseteamconsultores.pt/wp-content/uploads/2025/12/01-1240x720.jpg,https://houseteamconsultores.pt/wp-content/uploads/2025/12/01-1240x720.jpg,https://houseteamconsultores.pt/wp-content/uploads/2025/12/02-1240x720.jpg,https://houseteamconsultores.pt/wp-content/uploads/2025/12/01-1240x720.jpg,https://houseteamconsultores.pt/wp-content/uploads/2025/12/01-1240x720.jpg,https://houseteamconsultores.pt/wp-content/uploads/2025/12/01-1240x720.jpg,https://houseteamconsultores.pt/wp-content/uploads/2025/12/01-1240x720.jpg,https://houseteamconsultores.pt/wp-content/uploads/2025/12/01-1240x720.jpg,https://houseteamconsultores.pt/wp-content/uploads/2025/12/01-1240x720.jpg,https://houseteamconsultores.pt/wp-content/uploads/2025/12/02-1240x720.jpg,https://houseteamconsultores.pt/wp-content/uploads/2025/12/01-1240x720.jpg,https://houseteamconsultores.pt/wp-content/uploads/2025/12/01-1240x720.jpg,https://houseteamconsultores.pt/wp-content/uploads/2025/12/01-1240x720.jpg,https://houseteamconsultores.pt/wp-content/uploads/2025/12/01-1240x720.jpg,https://houseteamconsultores.pt/wp-content/uploads/2025/12/01-1240x720.jpg,https://houseteamconsultores.pt/wp-content/uploads/2025/12/01-1240x720.jpg,https://houseteamconsultores.pt/wp-content/uploads/2025/12/01-1240x720.jpg
2026-01-07 15:23:31,Successful,https://dashboard.browse.ai/workspaces/miguel-pinto/robots/019b98a9-43a6-7b41-a152-754a8ae24957/history/019b990d-db9c-7df8-a08e-93017538440f,https://houseteamconsultores.pt/property/120612906-3/,Apartamento T3 Remodelado | Carnaxide | Oeiras,€598.000,Para Venda,"2790-040 Carnaxide, Portugal",120612906-3,3,2,1993,135,"Apartamento T3 Remodelado em Carnaxide

Apresentamos este apartamento remodelado, situado no 12º andar de um prédio com dois elevadores, com uma vista deslumbrante sobre a cidade e excelente exposição solar nascente/poente, garantindo uma luminosidade incrível durante todo o dia.

Com 125m² de área bruta privativa e 10m² de área dependente, este T3 oferece divisões amplas, acabamentos modernos e excelente funcionalidade.

A cozinha foi renovada e tem varanda e zona de lavandaria. As duas casas de banho também foram remodeladas, ambas com base de duche. A sala tem lareira com recuperador a pellets, tem acesso a uma varanda com vista desafogada. Dois dos quartos têm roupeiros embutidos, sendo o terceiro igualmente luminoso.

Os quartos têm chão em madeira e a sala e o corredor têm pavimento vinílico, conferindo um ambiente moderno e acolhedor. O imóvel dispõe ainda de arrecadação na cave.

Situado numa zona calma de Carnaxide, este apartamento encontra-se perto de escolas (Camilo Castelo Branco, Antero Basalisa, Vieira da Silva), espaços verdes como o Estádio Nacional, comércio local, supermercados, farmácias, Hospital de Santa Cruz e Centro de Saúde de Carnaxide.

A localização é excelente, com acesso rápido à A5 (Lisboa/Cascais) e à A9 (CREL), estando a apenas 10 minutos do centro de Lisboa. Embora não tenha parqueamento privativo, existe estacionamento gratuito e fácil na envolvência.

Se procura um apartamento moderno, pronto a habitar e com todas as comodidades por perto, marque já a sua visita — este pode ser o seu novo lar!",Consultor Carla Gomes,"=""+351913846353""","Armários embutidos
Arrecadação
Bons acessos
Elevador
Lareira
Perto de Autoestrada
Perto Hospital
Último andar
Varanda
Vidros Duplos","ENERGY CLASS:
D",https://houseteamconsultores.pt/wp-content/uploads/2025/11/DSC_7716-1240x720.jpg,https://houseteamconsultores.pt/wp-content/uploads/2025/11/DSC_7796-1240x720.jpg,https://houseteamconsultores.pt/wp-content/uploads/2025/11/DSC_7796-1240x720.jpg,https://houseteamconsultores.pt/wp-content/uploads/2025/11/DSC_7796-1240x720.jpg,https://houseteamconsultores.pt/wp-content/uploads/2025/11/DSC_7716-1240x720.jpg,https://houseteamconsultores.pt/wp-content/uploads/2025/11/DSC_7796-1240x720.jpg,https://houseteamconsultores.pt/wp-content/uploads/2025/11/DSC_7796-1240x720.jpg,https://houseteamconsultores.pt/wp-content/uploads/2025/11/DSC_7796-1240x720.jpg,https://houseteamconsultores.pt/wp-content/uploads/2025/11/DSC_7796-1240x720.jpg,https://houseteamconsultores.pt/wp-content/uploads/2025/11/DSC_7796-1240x720.jpg,https://houseteamconsultores.pt/wp-content/uploads/2025/11/DSC_7796-1240x720.jpg,https://houseteamconsultores.pt/wp-content/uploads/2025/11/DSC_7716-1240x720.jpg,https://houseteamconsultores.pt/wp-content/uploads/2025/11/DSC_7796-1240x720.jpg,https://houseteamconsultores.pt/wp-content/uploads/2025/11/DSC_7796-1240x720.jpg,https://houseteamconsultores.pt/wp-content/uploads/2025/11/DSC_7796-1240x720.jpg,https://houseteamconsultores.pt/wp-content/uploads/2025/11/DSC_7796-1240x720.jpg,https://houseteamconsultores.pt/wp-content/uploads/2025/11/DSC_7796-1240x720.jpg,https://houseteamconsultores.pt/wp-content/uploads/2025/11/DSC_7796-1240x720.jpg,https://houseteamconsultores.pt/wp-content/uploads/2025/11/DSC_7796-1240x720.jpg
2026-01-07 15:23:30,Successful,https://dashboard.browse.ai/workspaces/miguel-pinto/robots/019b98a9-43a6-7b41-a152-754a8ae24957/history/019b990d-db9a-79a3-89b7-ec9b280c81a3,https://houseteamconsultores.pt/property/120612244-36/,Terreno para Construção | Vialonga | Vila Franca de Xira,€89.000,Para Venda,"2625-712 Vialonga, Portugal",120612244-36,252,,,,"Excelente terreno localizado na Urbanização do Cerrado de Baixo em Vialonga.

Este terreno com uma fantástica vista para o Rio Tejo possui uma área total de 252m2 e uma área bruta de construção de 312m2 onde poderá contruir uma moradia unifamiliar com 2 pisos e cave.

Nova urbanização localizada no Cabo de Vialonga próxima de todo o tipo de comércio, serviços, escolas, transportes, de fácil acesso à A1, A9 (CREL), A10 e estando somente a cerca de 20 minutos de Lisboa.

————————-

Excellent Plot of Land Located in the Cerrado de Baixo Development in Vialonga

This plot offers a fantastic view of the Tagus River, with a total area of 252 m² and a gross construction area of 312 m². It is ideal for building a single-family home with 2 floors and a basement.

Located in a new development in Cabo de Vialonga, this area is close to a variety of shops, services, schools, and public transportation. The plot also has easy access to major highways, including the A1, A9 (CREL), and A10, and is only about 20 minutes from Lisbon.",Consultor Ana Martins,"=""+351 929 062 351""",,"ENERGY CLASS:
NC",https://houseteamconsultores.pt/wp-content/uploads/2025/11/02-1-1240x720.jpg,https://houseteamconsultores.pt/wp-content/uploads/2025/11/01-1240x720.jpeg,https://houseteamconsultores.pt/wp-content/uploads/2025/11/01-1240x720.jpeg,https://houseteamconsultores.pt/wp-content/uploads/2025/11/01-1240x720.jpeg,https://houseteamconsultores.pt/wp-content/uploads/2025/11/02-1-1240x720.jpg,https://houseteamconsultores.pt/wp-content/uploads/2025/11/01-1240x720.jpeg,https://houseteamconsultores.pt/wp-content/uploads/2025/11/01-1240x720.jpeg,https://houseteamconsultores.pt/wp-content/uploads/2025/11/01-1240x720.jpeg,https://houseteamconsultores.pt/wp-content/uploads/2025/11/01-1240x720.jpeg,https://houseteamconsultores.pt/wp-content/uploads/2025/11/01-1240x720.jpeg,https://houseteamconsultores.pt/wp-content/uploads/2025/11/01-1240x720.jpeg,https://houseteamconsultores.pt/wp-content/uploads/2025/11/02-1-1240x720.jpg,https://houseteamconsultores.pt/wp-content/uploads/2025/11/01-1240x720.jpeg,https://houseteamconsultores.pt/wp-content/uploads/2025/11/01-1240x720.jpeg,https://houseteamconsultores.pt/wp-content/uploads/2025/11/01-1240x720.jpeg,https://houseteamconsultores.pt/wp-content/uploads/2025/11/01-1240x720.jpeg,https://houseteamconsultores.pt/wp-content/uploads/2025/11/01-1240x720.jpeg,https://houseteamconsultores.pt/wp-content/uploads/2025/11/01-1240x720.jpeg,https://houseteamconsultores.pt/wp-content/uploads/2025/11/01-1240x720.jpeg
2026-01-07 15:23:28,Successful,https://dashboard.browse.ai/workspaces/miguel-pinto/robots/019b98a9-43a6-7b41-a152-754a8ae24957/history/019b990d-db99-71df-8517-cb6ce27ac208,https://houseteamconsultores.pt/property/120612091-182/,Apartamento T1 para Arrendamento | São Marcos | Sintra,€900,Arrendamento,"São Marcos, Agualva-Cacém, Portugal",120612091-182,1,1,2000,51,"ATENÇÃO:

OS INTERESSADOS TERÃO DE ENVIAR POR EMAIL OS SEGUINTES DOCUMENTOS:

– IDENTIFICAÇÃO DE QUEM VAI OCUPAR O APARTAMENTO;

– ÚLTIMO IRS

– NOTA DE LIQUIDAÇÃO DO ÚLTIMO IRS

– 3 ÚLTIMOS RECIBOS DE VENCIMENTO

– DECLARAÇÃO DA ENTIDADE PATRONAL COM O VINCULO LABORAL

PODERÁ SER NECESSÁRIO FIADORES, SE OS RENDIMENTOS NÃO FOREM BASTANTES E PARA ISSO A DOCUMENTAÇÃO É TODA IGUAL À DOS INTERESSADOS

O PROPRIETÁRIO RESERVA-SE AO DIREITO DE OPÇÃO DO INQUILINO.

CONDIÇÕES DO ARRENDAMENTO:

– 2 RENDAS + 1 CAUÇÃO

– CONTRATO DE 3 ANOS

 

🔑 T1 para Arrendamento | São Marcos – Cacém

Descobra este apartamento T1, situado num rés-do-chão, numa zona tranquila de São Marcos – ideal para quem procura uma solução de arrendamento sem grande investimento em mobiliário.

O apartamento é arrendado parcialmente mobilado, mas com a cozinha totalmente equipada:

✨ Cozinha equipada com Frigorifico, Forno, Placa Elétrica, esquentador e máquina de lavar roupa

✨ Sala com móvel incluído

✨ Quarto mobilado, com cama e mesas de cabeceira

✨ Excelente luminosidade e ambiente calmo

Com uma localização prática e rodeado de serviços, este T1 oferece o equilíbrio perfeito entre comodidade e tranquilidade.

📍 São Marcos – Cacém

Um bairro residencial e com boa acessibilidade.

Interessado? Fale comigo para mais detalhes ou agendar visita.",Consultor Margarida Lopes,"=""+351 967 635 312""","Cozinha equipada
Elevador
Mobilado
Rés do chão
Transportes próximos","ENERGY CLASS:
E",https://houseteamconsultores.pt/wp-content/uploads/2025/11/2-Cozinha1-1240x720.jpg,https://houseteamconsultores.pt/wp-content/uploads/2025/11/1-Cozinha2-1240x720.jpg,https://houseteamconsultores.pt/wp-content/uploads/2025/11/1-Cozinha2-1240x720.jpg,https://houseteamconsultores.pt/wp-content/uploads/2025/11/1-Cozinha2-1240x720.jpg,https://houseteamconsultores.pt/wp-content/uploads/2025/11/2-Cozinha1-1240x720.jpg,https://houseteamconsultores.pt/wp-content/uploads/2025/11/1-Cozinha2-1240x720.jpg,https://houseteamconsultores.pt/wp-content/uploads/2025/11/1-Cozinha2-1240x720.jpg,https://houseteamconsultores.pt/wp-content/uploads/2025/11/1-Cozinha2-1240x720.jpg,https://houseteamconsultores.pt/wp-content/uploads/2025/11/1-Cozinha2-1240x720.jpg,https://houseteamconsultores.pt/wp-content/uploads/2025/11/1-Cozinha2-1240x720.jpg,https://houseteamconsultores.pt/wp-content/uploads/2025/11/1-Cozinha2-1240x720.jpg,https://houseteamconsultores.pt/wp-content/uploads/2025/11/2-Cozinha1-1240x720.jpg,https://houseteamconsultores.pt/wp-content/uploads/2025/11/1-Cozinha2-1240x720.jpg,https://houseteamconsultores.pt/wp-content/uploads/2025/11/1-Cozinha2-1240x720.jpg,https://houseteamconsultores.pt/wp-content/uploads/2025/11/1-Cozinha2-1240x720.jpg,https://houseteamconsultores.pt/wp-content/uploads/2025/11/1-Cozinha2-1240x720.jpg,https://houseteamconsultores.pt/wp-content/uploads/2025/11/1-Cozinha2-1240x720.jpg,https://houseteamconsultores.pt/wp-content/uploads/2025/11/1-Cozinha2-1240x720.jpg,https://houseteamconsultores.pt/wp-content/uploads/2025/11/1-Cozinha2-1240x720.jpg
2026-01-07 15:23:17,Successful,https://dashboard.browse.ai/workspaces/miguel-pinto/robots/019b98a9-43a6-7b41-a152-754a8ae24957/history/019b990d-db99-7195-b5a2-364e19db9fdb,https://houseteamconsultores.pt/property/120612244-43/,Apartamento T3 para venda | Rinchoa | Sintra,€260.000,Para Venda,"2635-285 Rinchoa, Portugal",120612244-43,3,2,1993,93,"T3 Rio de Mouro

Apartamento T3 para habitação própria ou investimento, localizado na Rinchoa, zona residencial tranquila onde podemos encontrar os mais variados serviços, bancos, escolas, restauração, comércio incluindo os supermercados Pingo doce e Mini Preço, paragem de autocarro praticamente à porta, a 10 minutos a pé (800mt) da estação de comboios de Rio de Mouro e a poucos minutos das saídas para o IC19 e A16.

Em frente ao imóvel está em construção uma zona ajardinada e o novo centro cultural de Rio de Mouro.

O apartamento situado num 7º andar com duas frentes, bastante luminoso com uma exposição solar nascente – poente, vista desafogada, inserido num prédio com elevador, já com alguma remodelação, nomeadamente caixilharia com vidros duplos. Conta ainda com uma despensa.

Não perca esta oportunidade, marque já a sua visita!

—————————-

3-Bedroom Apartment in Rio de Mouro

3-bedroom apartment ideal for own residence or investment, located in Rinchoa — a quiet residential area offering a wide range of amenities including banks, schools, restaurants, shops, and supermarkets such as Pingo Doce and Mini Preço. There is a bus stop practically at the door, and the Rio de Mouro train station is just a 10-minute walk away (800m). The property also offers quick access to the IC19 and A16 motorways.

In front of the building, a landscaped area and the new Rio de Mouro Cultural Center are currently under construction.

The apartment, located on the 7th floor and facing two sides, is very bright with excellent sun exposure (east–west) and unobstructed views. It is in a building with an elevator and has undergone some renovations, including double-glazed window frames. There is also a pantry/storage room.

Don’t miss this opportunity — schedule your visit today!",Consultor Ana Martins,"=""+351 929 062 351""","Despensa
Elevador
Perto de Autoestrada
Transportes próximos
Vidros Duplos","ENERGY CLASS:
D",https://houseteamconsultores.pt/wp-content/uploads/2025/11/02-2-1240x720.jpg,https://houseteamconsultores.pt/wp-content/uploads/2025/11/01-1-1240x720.jpg,https://houseteamconsultores.pt/wp-content/uploads/2025/11/01-1-1240x720.jpg,https://houseteamconsultores.pt/wp-content/uploads/2025/11/01-1-1240x720.jpg,https://houseteamconsultores.pt/wp-content/uploads/2025/11/02-2-1240x720.jpg,https://houseteamconsultores.pt/wp-content/uploads/2025/11/01-1-1240x720.jpg,https://houseteamconsultores.pt/wp-content/uploads/2025/11/01-1-1240x720.jpg,https://houseteamconsultores.pt/wp-content/uploads/2025/11/01-1-1240x720.jpg,https://houseteamconsultores.pt/wp-content/uploads/2025/11/01-1-1240x720.jpg,https://houseteamconsultores.pt/wp-content/uploads/2025/11/01-1-1240x720.jpg,https://houseteamconsultores.pt/wp-content/uploads/2025/11/01-1-1240x720.jpg,https://houseteamconsultores.pt/wp-content/uploads/2025/11/02-2-1240x720.jpg,https://houseteamconsultores.pt/wp-content/uploads/2025/11/01-1-1240x720.jpg,https://houseteamconsultores.pt/wp-content/uploads/2025/11/01-1-1240x720.jpg,https://houseteamconsultores.pt/wp-content/uploads/2025/11/01-1-1240x720.jpg,https://houseteamconsultores.pt/wp-content/uploads/2025/11/01-1-1240x720.jpg,https://houseteamconsultores.pt/wp-content/uploads/2025/11/01-1-1240x720.jpg,https://houseteamconsultores.pt/wp-content/uploads/2025/11/01-1-1240x720.jpg,https://houseteamconsultores.pt/wp-content/uploads/2025/11/01-1-1240x720.jpg
